id	author	text	raw_text	likes	published_at	updated_at	num_replies
UgyHQM7jrQr4YpWcJV94AaABAg	yuzutaro.com	こさかな寝起きだと普通の高校生の顔で、メイクであそこまで大人っぽくなるのかと思いました	こさかな寝起きだと普通の高校生の顔で、メイクであそこまで大人っぽくなるのかと思いました	0	2019-09-30T11:33:50.000Z	2019-09-30T11:33:50.000Z	0
Ugw-Kbjbbuds_WdkGS54AaABAg	あなたと私はAm I Loving?	おい、富田！<br />アラームにキュンを設定すること<br />死んでもやめんじゃねーぞ！<br /><br />ちなみに僕はアラームに設定した曲が嫌いになってしまったのでできればやめて欲しい笑	"おい、富田！
アラームにキュンを設定すること
死んでもやめんじゃねーぞ！

ちなみに僕はアラームに設定した曲が嫌いになってしまったのでできればやめて欲しい笑"	1	2019-09-30T11:29:57.000Z	2019-09-30T11:29:57.000Z	0
UgyLByMCXCtMQIJQb6Z4AaABAg	あーさむっ	"<a href=""https://www.youtube.com/watch?v=_iyCAzClmT8&amp;t=1m54s"">1:54</a> ひなのの葉緑体確認なの！"	1:54 ひなのの葉緑体確認なの！	0	2019-09-30T11:29:32.000Z	2019-09-30T11:29:32.000Z	0
UgyPipkKW3V0OcL3yvh4AaABAg	TAKA KARI	まさかの少林寺拳法ww	まさかの少林寺拳法ww	0	2019-09-30T11:26:19.000Z	2019-09-30T11:26:19.000Z	0
UgwGCfboo05W1SzWlNd4AaABAg	万田マイケル	"<a href=""https://www.youtube.com/watch?v=_iyCAzClmT8&amp;t=1m25s"">1:25</a>"	1:25	0	2019-09-30T11:20:02.000Z	2019-09-30T11:20:02.000Z	0
UgxcV7Kx_zE6qPUjZSN4AaABAg	まるまるもりもり	ひなのは服のセンスが良すぎる	ひなのは服のセンスが良すぎる	0	2019-09-30T11:19:09.000Z	2019-09-30T11:19:09.000Z	0
UgzKVbA3g-g5LGvY4ul4AaABAg	のり調子	DTMとかエビ中や	DTMとかエビ中や	0	2019-09-30T11:17:07.000Z	2019-09-30T11:17:07.000Z	0
UgzEKgeS9wlHogf7mzN4AaABAg	蒼マン	予告編に使われてるbgm個人的に好き。	予告編に使われてるbgm個人的に好き。	0	2019-09-30T11:15:54.000Z	2019-09-30T11:15:54.000Z	0
UgwhZomK4VsOuIRyhqt4AaABAg	棚山ひろたか	べみほ、推しが卒業生のパロ？オーマジュかな？	べみほ、推しが卒業生のパロ？オーマジュかな？	0	2019-09-30T11:09:21.000Z	2019-09-30T11:09:21.000Z	0
UgxYCfU0wPSzADbQXdB4AaABAg	ハチ・	みーぱん少林寺拳法してる！<br />自分がしてるぶどうをみーぱんがしてるって嬉しすぎるんだけど！！😆😆	"みーぱん少林寺拳法してる！
自分がしてるぶどうをみーぱんがしてるって嬉しすぎるんだけど！！😆😆"	0	2019-09-30T11:05:58.000Z	2019-09-30T11:05:58.000Z	0
UgwkDSfS5x_sD_-nP2F4AaABAg	おいちゃん	みーぱんの笑顔に癒やされてる人😆<br />↓	"みーぱんの笑顔に癒やされてる人😆
↓"	0	2019-09-30T11:05:57.000Z	2019-09-30T11:05:57.000Z	0
UgzM-mKkI40RkfEcMa14AaABAg	れいな。	"<a href=""https://www.youtube.com/watch?v=_iyCAzClmT8&amp;t=00m30s"">00:30</a> まなふぃ  すっぴん！？<br />             違うよね？"	"00:30 まなふぃ  すっぴん！？
             違うよね？"	0	2019-09-30T11:05:29.000Z	2019-09-30T11:05:29.000Z	0
UgzQZr7GlVDtnnjin9t4AaABAg	曽野正香	光合成してるね笑植物たちも<br />※植物しか光合成しません	"光合成してるね笑植物たちも
※植物しか光合成しません"	0	2019-09-30T10:55:48.000Z	2019-09-30T10:55:48.000Z	0
UgyXNgOoB72PIkMEfeV4AaABAg	Mochi Sakura	何も語れないよもう<br />語彙力がないよもう	"何も語れないよもう
語彙力がないよもう"	0	2019-09-30T10:55:17.000Z	2019-09-30T10:55:17.000Z	0
UgzcrOLtwh1uJB6YhvR4AaABAg	鮫島ユースケ	ﾒｶﾞｻﾒﾙﾄｰ ﾈｺﾆｰ ﾅｯﾃｲﾀｯ<br />(`・ω・´)	"ﾒｶﾞｻﾒﾙﾄｰ ﾈｺﾆｰ ﾅｯﾃｲﾀｯ
(`・ω・´)"	0	2019-09-30T10:52:16.000Z	2019-09-30T10:52:16.000Z	0
UgwPHyhAjvu6BwKjQAh4AaABAg	豚さん	ひなの最高かよ	ひなの最高かよ	0	2019-09-30T10:47:39.000Z	2019-09-30T10:47:39.000Z	0
UgxsdTg1FW1SHAfcnLh4AaABAg	ドラゴンジタン	ひなのの家、実家かな？	ひなのの家、実家かな？	0	2019-09-30T10:47:31.000Z	2019-09-30T10:47:31.000Z	0
Ugxtu850jI48tf39lCt4AaABAg	YouTube垢	"<a href=""https://www.youtube.com/watch?v=_iyCAzClmT8&amp;t=0m59s"">0:59</a> 飛鳥に見えた"	0:59 飛鳥に見えた	0	2019-09-30T10:43:41.000Z	2019-09-30T10:43:41.000Z	0
Ugz24uch-60TYKApr2x4AaABAg	きりたんぽ	神神	神神	0	2019-09-30T10:41:34.000Z	2019-09-30T10:41:34.000Z	0
UgzigIdZV5mwYBTJDBZ4AaABAg	レモンスカッシュ	映ってる部屋、流石にメンバー達本人の家じゃないよな？	映ってる部屋、流石にメンバー達本人の家じゃないよな？	0	2019-09-30T10:40:58.000Z	2019-09-30T10:40:58.000Z	0
UgzLrO8dtJyTN_FX02x4AaABAg	がおがおがー	僕はタイプC買いますよ	僕はタイプC買いますよ	0	2019-09-30T10:40:33.000Z	2019-09-30T10:40:33.000Z	0
UgwGaXg0D4Dc2B8ARCZ4AaABAg	そらまめ	"<a href=""https://www.youtube.com/watch?v=_iyCAzClmT8&amp;t=1m09s"">1:09</a><br />としちゃんだけかと思ってたらみーぱんも好きなのか<br /><br />じゃがりこ買ってこよ🏃‍♀️"	"1:09
としちゃんだけかと思ってたらみーぱんも好きなのか

じゃがりこ買ってこよ🏃‍♀️"	2	2019-09-30T10:39:09.000Z	2019-09-30T10:39:09.000Z	0
Ugxs0rVGP4fw8HT280p4AaABAg	ささみロック ㅤㅤㅤㅤ	ひなのの目覚ましの止め方www	ひなのの目覚ましの止め方www	0	2019-09-30T10:34:08.000Z	2019-09-30T10:34:08.000Z	0
UgwsI9Cm_x8VJ0eJyot4AaABAg	うさまるうさこ	寝起きのみーぱんかわいすぎる	寝起きのみーぱんかわいすぎる	0	2019-09-30T10:33:47.000Z	2019-09-30T10:33:47.000Z	0
Ugw5nhMpIkWWkGRZmtZ4AaABAg	トム・リドル	上村君vs目覚まし時計との攻防なんか好き！！<br />パリピちゃん才能ありすぎ	"上村君vs目覚まし時計との攻防なんか好き！！
パリピちゃん才能ありすぎ"	0	2019-09-30T10:33:44.000Z	2019-09-30T10:33:44.000Z	0
Ugyme32w-pFV-dnba5p4AaABAg	こあい	これってセット？	これってセット？	0	2019-09-30T10:29:03.000Z	2019-09-30T10:29:03.000Z	0
UgwJqnryG83GbncS4fl4AaABAg	るんるーんるん	"<a href=""https://www.youtube.com/watch?v=_iyCAzClmT8&amp;t=0m13s"">0:13</a> 俺と同じアラーム音だわ<br /><br />真似すんなや(´∀｀=)"	"0:13 俺と同じアラーム音だわ

真似すんなや(´∀｀=)"	0	2019-09-30T10:25:29.000Z	2019-09-30T10:25:29.000Z	0
Ugz7wfQt6Zc9nhl5quJ4AaABAg	お茶漬け	ひなのちゃん可愛すぎやろ😍😍	ひなのちゃん可愛すぎやろ😍😍	0	2019-09-30T10:23:08.000Z	2019-09-30T10:23:08.000Z	0
UgzPLCs1N-xqTJeDo_t4AaABAg	R.	富田鈴花さん目覚ましの音キュンにしてるのかw絶対キュン嫌いになるよw	富田鈴花さん目覚ましの音キュンにしてるのかw絶対キュン嫌いになるよw	1	2019-09-30T10:19:42.000Z	2019-09-30T10:19:42.000Z	0
UgwwIAxUzcME_Gpq3914AaABAg	まーりぃ	"<a href=""https://www.youtube.com/watch?v=_iyCAzClmT8&amp;t=1m33s"">1:33</a>のサメキャプテンが殴ってたやつwww"	1:33のサメキャプテンが殴ってたやつwww	0	2019-09-30T10:17:48.000Z	2019-09-30T10:17:48.000Z	0
UgzisU-Mzs6FCyNev7d4AaABAg	ひよ	DTMってなに？？？？？<br /><br /><br /><br />パリピらぶ！^_^	"DTMってなに？？？？？



パリピらぶ！^_^"	0	2019-09-30T10:17:39.000Z	2019-09-30T10:17:39.000Z	0
Ugz9n-Ufc_geDUbCvWh4AaABAg	整流子コロコロ	はい購入決定	はい購入決定	0	2019-09-30T10:14:49.000Z	2019-09-30T10:14:49.000Z	0
UgyVTJkmkxGXY_0gMqJ4AaABAg	今シーズンプレミア取りますリバプール	これはタイプC買いですね！<br />まなふぃ最近好きだし、こさかなは言わずもがな、そして最強ルーキー！<br />けどキャプテンもみたいし、松田、河田も好きだし、、。あれ？日向派に。	"これはタイプC買いですね！
まなふぃ最近好きだし、こさかなは言わずもがな、そして最強ルーキー！
けどキャプテンもみたいし、松田、河田も好きだし、、。あれ？日向派に。"	0	2019-09-30T10:14:26.000Z	2019-09-30T10:14:26.000Z	0
UgyBO7_XEVrqNkDmyot4AaABAg	野球人４k.s	ひなの≒ねる	ひなの≒ねる	0	2019-09-30T10:13:04.000Z	2019-09-30T10:13:04.000Z	0
UgzG0SHk_NJJ4iR1l254AaABAg	マッキーペン	美玲ちゃん少林寺やってる笑 天地拳とかめっちゃ懐かしい	美玲ちゃん少林寺やってる笑 天地拳とかめっちゃ懐かしい	0	2019-09-30T10:12:33.000Z	2019-09-30T10:12:33.000Z	0
UgxTit1BN4mavOuNmYx4AaABAg	Chandai	アラーム音がみんなと同じだから俺も実質日向坂46のメンバー	アラーム音がみんなと同じだから俺も実質日向坂46のメンバー	0	2019-09-30T10:12:04.000Z	2019-09-30T10:12:04.000Z	0
Ugx_wXW3xEFRVoZe39J4AaABAg	ボム	"<a href=""https://www.youtube.com/watch?v=_iyCAzClmT8&amp;t=0m18s"">0:18</a>の富田のDTM<br />気になる…！"	"0:18の富田のDTM
気になる…！"	0	2019-09-30T10:10:42.000Z	2019-09-30T10:10:42.000Z	0
Ugzg7OAnAw4dgAHuu494AaABAg	NR	おうちでまったりが一番どエロ	おうちでまったりが一番どエロ	0	2019-09-30T10:07:57.000Z	2019-09-30T10:07:57.000Z	0
Ugz19J2faPQdmH5vxYV4AaABAg	ノブニャガ	高瀬ってウサギに似てて可愛いな(理由は聞くな)	高瀬ってウサギに似てて可愛いな(理由は聞くな)	0	2019-09-30T10:02:57.000Z	2019-09-30T10:02:57.000Z	0
UgwURorSgm92qrmvHaZ4AaABAg	ノブニャガ	ひなの休日でも変化球だな<br />「ひかげ！」ってなんだよ可愛すぎか！	"ひなの休日でも変化球だな
「ひかげ！」ってなんだよ可愛すぎか！"	0	2019-09-30T09:59:47.000Z	2019-09-30T09:59:47.000Z	0
UgxXFEdmc5JJh82E_tx4AaABAg	日向と髭と牛	"<a href=""https://www.youtube.com/watch?v=_iyCAzClmT8&amp;t=1m44s"">1:44</a> ひなのの修学旅行感w"	1:44 ひなのの修学旅行感w	0	2019-09-30T09:58:55.000Z	2019-09-30T09:58:55.000Z	0
Ugxv4CDBf83x1bmdhBZ4AaABAg	アヴァンジャスヴェントーリオ	全員かわいい。すこ。	全員かわいい。すこ。	0	2019-09-30T09:55:17.000Z	2019-09-30T09:55:17.000Z	0
UgwelbRoTs-FG76zDG54AaABAg	𝕊𝔸𝕂𝕀 ɞ˚˙	はーみんな可愛い	はーみんな可愛い	0	2019-09-30T09:55:05.000Z	2019-09-30T09:55:05.000Z	0
UgwsiJQW5EMxb6xSxU14AaABAg	hayat	すずちゃん可愛すぎて無理。	すずちゃん可愛すぎて無理。	0	2019-09-30T09:54:40.000Z	2019-09-30T09:54:40.000Z	0
UgxWdYmjcbK2HnUAdOt4AaABAg	ブリダイコン	ひなのの休日が気になりすぎるww	ひなのの休日が気になりすぎるww	0	2019-09-30T09:53:29.000Z	2019-09-30T09:53:29.000Z	0
UgxYqQ5csskRsPhvHxd4AaABAg	。ちんすこう	C確定だわ	C確定だわ	0	2019-09-30T09:47:22.000Z	2019-09-30T09:47:22.000Z	0
UgxfQBmv3SsqKON1L4d4AaABAg	箸くん	"<a href=""https://www.youtube.com/watch?v=_iyCAzClmT8&amp;t=1m54s"">1:54</a>やっぱり上村はヤバいやつだと思うw"	1:54やっぱり上村はヤバいやつだと思うw	0	2019-09-30T09:46:51.000Z	2019-09-30T09:47:03.000Z	0
Ugyt7Tqy9k7DfqJZ12N4AaABAg	M M	ん？なにこの神たちは？	ん？なにこの神たちは？	0	2019-09-30T09:45:33.000Z	2019-09-30T09:45:33.000Z	0
UgyEZgTCzbJoHt0VQKJ4AaABAg	17号	ひなののアラームの止め方が容赦ない笑	ひなののアラームの止め方が容赦ない笑	0	2019-09-30T09:44:12.000Z	2019-09-30T09:44:12.000Z	0
Ugx_WBSdJn91DoJKowZ4AaABAg	tipping point 2019	富田ってやっぱ真面目そうだよな。テレビのキャラとは違って。<br />しかしみーぱん可愛いよぉ！	"富田ってやっぱ真面目そうだよな。テレビのキャラとは違って。
しかしみーぱん可愛いよぉ！"	0	2019-09-30T09:41:42.000Z	2019-09-30T09:41:42.000Z	0
UgxOjH8h79qXalbHczR4AaABAg	ひなた坂	これ、空色に変えてみませんか？<br />↓<br />↓	"これ、空色に変えてみませんか？
↓
↓"	1	2019-09-30T09:38:35.000Z	2019-09-30T09:38:35.000Z	0
UgwFAZWyKjeRsl9rqjx4AaABAg	Tomohiko Koizumi	ガチのプライベート部屋なのかなぁ？	ガチのプライベート部屋なのかなぁ？	0	2019-09-30T09:37:48.000Z	2019-09-30T09:37:48.000Z	0
UgyUZ4naTJcOdQDGhyx4AaABAg	櫻井和也	え、こさかな天王寺来てたん？<br />めっさ庭やねんけど笑笑	"え、こさかな天王寺来てたん？
めっさ庭やねんけど笑笑"	0	2019-09-30T09:33:46.000Z	2019-09-30T09:33:46.000Z	0
Ugw-MSA_zLhtigspCeZ4AaABAg	SKYNET	こさかな可愛すぎて何故か爆笑してしまったわwww	こさかな可愛すぎて何故か爆笑してしまったわwww	0	2019-09-30T09:31:37.000Z	2019-09-30T09:31:37.000Z	0
Ugz7nNra5m-r6GxD4Ap4AaABAg	TKGたまご	ひなのが起きた時の顔一瞬ねるに見えたw	ひなのが起きた時の顔一瞬ねるに見えたw	0	2019-09-30T09:31:17.000Z	2019-09-30T09:31:17.000Z	0
Ugx1gPPucJM3R9vBGDd4AaABAg	てち	タイプCに決めた！！	タイプCに決めた！！	0	2019-09-30T09:29:50.000Z	2019-09-30T09:29:50.000Z	0
UgxIwrykmZqfsqsa-YJ4AaABAg	尾芽胚	富田どんなとこで寝てるのｗｗｗ	富田どんなとこで寝てるのｗｗｗ	0	2019-09-30T09:26:19.000Z	2019-09-30T09:26:19.000Z	0
UgxsmO66ap_tjNr2P7N4AaABAg	ゆうな	ひなのが和室で布団で寝ているのがまたよいことだなぁ（詠嘆）	ひなのが和室で布団で寝ているのがまたよいことだなぁ（詠嘆）	0	2019-09-30T09:25:55.000Z	2019-09-30T09:25:55.000Z	0
Ugyn1yhi_uATgGdhoON4AaABAg	パワフル七夕	ひなたの休日とか言うパワーワード	ひなたの休日とか言うパワーワード	0	2019-09-30T09:24:32.000Z	2019-09-30T09:24:32.000Z	0
Ugxrbs27-gWiSKOEGTt4AaABAg	枝豆	"<a href=""https://www.youtube.com/watch?v=_iyCAzClmT8&amp;t=1m45s"">1:45</a>ねるに見えてドキッとした"	1:45ねるに見えてドキッとした	0	2019-09-30T09:24:21.000Z	2019-09-30T09:24:21.000Z	0
UgxmfG0bCRbqRuBof1R4AaABAg	あ あ	これ見て全部のタイプ買うこと決まった人！	これ見て全部のタイプ買うこと決まった人！	1	2019-09-30T09:20:17.000Z	2019-09-30T09:20:17.000Z	0
Ugx8ObPJNcwCVAy0d3N4AaABAg	三ツ坂箱推し	べみほ歯磨きしてる時<br />あんな感じなの？笑笑<br />ちょっと...<br /><br /><br /><br /><br /><br /><br />キュンってきちゃったじゃん...	"べみほ歯磨きしてる時
あんな感じなの？笑笑
ちょっと...






キュンってきちゃったじゃん..."	0	2019-09-30T09:20:15.000Z	2019-09-30T09:20:15.000Z	0
Ugz2KJA09ebE0pvC_PN4AaABAg	前田裕二	ネギの入れ方、コショウ振る人やん	ネギの入れ方、コショウ振る人やん	0	2019-09-30T09:19:49.000Z	2019-09-30T09:19:49.000Z	0
UgzuZFNfwUIf7JJoVJN4AaABAg	i e	結論:全タイプ購入決定	結論:全タイプ購入決定	0	2019-09-30T09:19:26.000Z	2019-09-30T09:19:26.000Z	0
UgyOLvH5OP3AOAvRaLp4AaABAg	神威。	タイプＣ強すぎかて	タイプＣ強すぎかて	0	2019-09-30T09:18:01.000Z	2019-09-30T09:18:01.000Z	0
UgwbMWHrZ5lH477edcd4AaABAg	Tom Kepars	ひなのちゃん本当変化球すぎて、頭が追いつかない	ひなのちゃん本当変化球すぎて、頭が追いつかない	0	2019-09-30T09:17:49.000Z	2019-09-30T09:17:49.000Z	0
UgzbALRc1p2CK5E_Agx4AaABAg	ガオラーおひさま翔馬	いや、ひなのなのよwwww<br /><br />終始ふざけてるwwww	"いや、ひなのなのよwwww

終始ふざけてるwwww"	0	2019-09-30T09:08:32.000Z	2019-09-30T09:08:32.000Z	0
Ugz_I71OnGro8O5bVCt4AaABAg	ショパン生田	富田家の犬ニナちゃん<br />SSAにて<br />わーんわんわんわんどうして<br />わーんわんわんわんどうして<br /><br />ジョイフルわーん<br /><br />わんわんミわわんミわわんミ	"富田家の犬ニナちゃん
SSAにて
わーんわんわんわんどうして
わーんわんわんわんどうして

ジョイフルわーん

わんわんミわわんミわわんミ"	0	2019-09-30T09:04:01.000Z	2019-09-30T09:04:01.000Z	0
Ugxa7lXzKJnv-ZQzTwp4AaABAg	太宰治	みーぱん体壊れそう	みーぱん体壊れそう	0	2019-09-30T09:03:51.000Z	2019-09-30T09:03:51.000Z	0
UgyvcAGeVvLjTrgn6H14AaABAg	mat yh	？？？「お家でまったりが一番どエロ」	？？？「お家でまったりが一番どエロ」	0	2019-09-30T09:03:19.000Z	2019-09-30T09:03:19.000Z	0
UgwBTHETU1mMZLqjh1x4AaABAg	ジニアスナカーオ	なんかまなふぃを応援するコメント見ると嬉しくなる	なんかまなふぃを応援するコメント見ると嬉しくなる	0	2019-09-30T09:02:06.000Z	2019-09-30T09:02:06.000Z	0
Ugx2MP5br2I3KPoxh6N4AaABAg	鈴木みらい	まなふぃのすっぴん天使すぎるし、ぴょこぴょこさせて「これめっちゃ良くない？」って言ってるの控えめにいって女神。	まなふぃのすっぴん天使すぎるし、ぴょこぴょこさせて「これめっちゃ良くない？」って言ってるの控えめにいって女神。	0	2019-09-30T09:02:03.000Z	2019-09-30T09:02:03.000Z	0
Ugzzk1soAn7pefiOHyJ4AaABAg	けい	"<a href=""https://www.youtube.com/watch?v=_iyCAzClmT8&amp;t=0m48s"">0:48</a>死にました"	0:48死にました	1	2019-09-30T09:00:08.000Z	2019-09-30T09:00:08.000Z	0
UgxYUgBlB0e0t0B4q4p4AaABAg	欅日向	"<a href=""https://www.youtube.com/watch?v=_iyCAzClmT8&amp;t=1m06s"">1:06</a>可愛すぎて辛いって<br /><br /><br /><br /><br /><br />ブーメランもいい所ですよ小坂さん。"	"1:06可愛すぎて辛いって





ブーメランもいい所ですよ小坂さん。"	0	2019-09-30T08:59:23.000Z	2019-09-30T08:59:23.000Z	0
UgxcyVnupQVLR12RP9J4AaABAg	Post TKSK	ひなのちゃん可愛すぎ💛<br />ほのぼのしてる..。* .○＊	"ひなのちゃん可愛すぎ💛
ほのぼのしてる..。* .○＊"	0	2019-09-30T08:57:58.000Z	2019-09-30T08:57:58.000Z	0
UgygcaZe_2cgaS4JiCx4AaABAg	ながはる	ひなのって1人暮らしなの？	ひなのって1人暮らしなの？	0	2019-09-30T08:55:19.000Z	2019-09-30T08:55:19.000Z	0
Ugy24zMl2oBOChN61ZZ4AaABAg	チョップサハラ	富田やることオシャレやな	富田やることオシャレやな	0	2019-09-30T08:54:12.000Z	2019-09-30T08:54:12.000Z	0
UgwrV73eVSb2q608RqV4AaABAg	神蘭世	フルはひなのかべみほで願います	フルはひなのかべみほで願います	0	2019-09-30T08:53:32.000Z	2019-09-30T08:53:32.000Z	0
Ugx5YG3Yjuqlu9Gxiv94AaABAg	まいん まいん	ひなのの休日	ひなのの休日	0	2019-09-30T08:52:36.000Z	2019-09-30T08:52:54.000Z	0
UgyLHNMHlGokXG-tUVZ4AaABAg	おひさまのなーぱんなの	"<a href=""https://www.youtube.com/watch?v=_iyCAzClmT8&amp;t=1m34s"">1:34</a> 作詞作曲 渡邉美穂<br />「猫になっていた」<br />目が覚めると〜<br />猫になっていた。( ＾ω＾)"	"1:34 作詞作曲 渡邉美穂
「猫になっていた」
目が覚めると〜
猫になっていた。( ＾ω＾)"	0	2019-09-30T08:52:24.000Z	2019-09-30T08:52:24.000Z	0
Ugxw0mgl54XzILJnEE14AaABAg	。サユ	ひなのやば	ひなのやば	0	2019-09-30T08:52:17.000Z	2019-09-30T08:52:17.000Z	0
Ugy2a4xZuyRbCXW0EIR4AaABAg	くんえそ	2日に1回行く天王寺にこさかなが！！	2日に1回行く天王寺にこさかなが！！	0	2019-09-30T08:49:27.000Z	2019-09-30T08:49:27.000Z	0
Ugx1d14-qkRRCcWtjYp4AaABAg	犬	もう可愛いでしかないし<br />なんで朝からこんなに可愛いのよ	"もう可愛いでしかないし
なんで朝からこんなに可愛いのよ"	0	2019-09-30T08:47:28.000Z	2019-09-30T08:47:28.000Z	0
UgxwDx7vZE9yXr_59uB4AaABAg	あすむー	ひかげ！	ひかげ！	0	2019-09-30T08:44:11.000Z	2019-09-30T08:44:11.000Z	0
UgzekFNxpqUflIBcpDx4AaABAg	東村めめ	ひなの目覚まし時計音消すの独特過ぎないwww<br />さすが変化球だわ	"ひなの目覚まし時計音消すの独特過ぎないwww
さすが変化球だわ"	0	2019-09-30T08:43:44.000Z	2019-09-30T08:43:58.000Z	0
Ugwo9eBh5t_wSJUUylV4AaABAg	たいみょん	さーて。誰のフルが上がるかな？<br />みんなで予想してみよう！	"さーて。誰のフルが上がるかな？
みんなで予想してみよう！"	0	2019-09-30T08:39:24.000Z	2019-09-30T08:39:24.000Z	0
UgyCUB19WwRRaXvaSM14AaABAg	100 yokohama	ヴェの家おしゃれ	ヴェの家おしゃれ	0	2019-09-30T08:37:16.000Z	2019-09-30T08:37:16.000Z	0
UgydBMxQ8FCTCo-5l-R4AaABAg	Washington Tontontonton	"<a href=""https://www.youtube.com/watch?v=_iyCAzClmT8&amp;t=1m43s"">1:43</a>"	1:43	0	2019-09-30T08:32:51.000Z	2019-09-30T08:32:51.000Z	0
UgzxOO6hFVixAsT9IZZ4AaABAg	Washington Tontontonton	ひなのがいってる植物園ってどこか分かりますか？	ひなのがいってる植物園ってどこか分かりますか？	0	2019-09-30T08:31:47.000Z	2019-09-30T08:31:47.000Z	0
Ugy5XGTaa7umFriAgit4AaABAg	ぁゃ	みほカメラなくても素でしょ笑笑かわいい	みほカメラなくても素でしょ笑笑かわいい	0	2019-09-30T08:30:33.000Z	2019-09-30T08:30:33.000Z	0
Ugzf3Q4Rn1BPB48n7_B4AaABAg	高宮もっちゃん	みんな可愛すぎね？	みんな可愛すぎね？	1	2019-09-30T08:29:32.000Z	2019-09-30T08:29:32.000Z	0
Ugy4USUm7trDV_NhBFx4AaABAg	むーあー	ひなのワールドすぎて草	ひなのワールドすぎて草	0	2019-09-30T08:25:54.000Z	2019-09-30T08:25:54.000Z	0
Ugy6YjXwC9PXU9hIKE94AaABAg	金地院崇伝	"<a href=""https://www.youtube.com/watch?v=_iyCAzClmT8&amp;t=1m43s"">1:43</a> 目覚まし時計の止め方からもう好き"	1:43 目覚まし時計の止め方からもう好き	0	2019-09-30T08:23:58.000Z	2019-09-30T08:23:58.000Z	0
UgzenqFYimCbMdrWAjZ4AaABAg	テベス大好きマン	まなふぃかわいい！！<br />すっぴん見せるのは好感持てるわ	"まなふぃかわいい！！
すっぴん見せるのは好感持てるわ"	1	2019-09-30T08:22:45.000Z	2019-09-30T08:22:45.000Z	0
UgxxUrxHoQ_S_JZbF_V4AaABAg	くいパン	こういうの見てたらまなふぃっいい子やなって改めて思う	こういうの見てたらまなふぃっいい子やなって改めて思う	1	2019-09-30T08:20:24.000Z	2019-09-30T08:20:24.000Z	0
Ugz2VuSmmNCcUV1YoeB4AaABAg	natsu natsu	"<a href=""https://www.youtube.com/watch?v=_iyCAzClmT8&amp;t=1m44s"">1:44</a> めっちゃねるに見えた"	1:44 めっちゃねるに見えた	1	2019-09-30T08:18:54.000Z	2019-09-30T08:18:54.000Z	0
UgzVpYIgOVwK-NelqVV4AaABAg	海飛	ひなのえぐいてぇ！！	ひなのえぐいてぇ！！	0	2019-09-30T08:18:36.000Z	2019-09-30T08:18:36.000Z	0
Ugy_SVONPr5glLAlyBF4AaABAg	こなー	"<a href=""https://www.youtube.com/watch?v=_iyCAzClmT8&amp;t=1m41s"">1:41</a>(ФωФ)"	1:41(ФωФ)	0	2019-09-30T08:18:22.000Z	2019-09-30T08:18:22.000Z	0
Ugz-_AhvPEcqHKtJG1N4AaABAg	KOSUKE	前世でどれだけ徳を積んだら、こさかなの友達になれんの？	前世でどれだけ徳を積んだら、こさかなの友達になれんの？	0	2019-09-30T08:15:25.000Z	2019-09-30T08:15:25.000Z	0
UgyOk8UqUzEZX1Tg9H14AaABAg	やゆ	運営さん、次の10日間限定公開はおすずとミホワタナベでお願いします笑	運営さん、次の10日間限定公開はおすずとミホワタナベでお願いします笑	0	2019-09-30T08:14:44.000Z	2019-09-30T08:14:44.000Z	0
UgwB3fpWIin79s6j8wt4AaABAg	翔太マスカット	みんな可愛すぎる	みんな可愛すぎる	0	2019-09-30T08:14:15.000Z	2019-09-30T08:14:15.000Z	0
UgxBHgiPsmk_Tw8d24Z4AaABAg	poro .c	ひなのちゃんがねるの面影ありすぎてなんか感じました。	ひなのちゃんがねるの面影ありすぎてなんか感じました。	0	2019-09-30T08:13:56.000Z	2019-09-30T08:13:56.000Z	0
UgyofXB1a7SbOLv6kTJ4AaABAg	ワンタン麺	富田可愛すぎだろおい！	富田可愛すぎだろおい！	0	2019-09-30T08:13:53.000Z	2019-09-30T08:13:53.000Z	0
UgyO97duVHvIrVs1vTZ4AaABAg	みゆゆうかまお	こさかな天王寺来てたんかー😭😭	こさかな天王寺来てたんかー😭😭	0	2019-09-30T08:13:05.000Z	2019-09-30T08:13:05.000Z	0
UgzAHmnWvNY44mnopRt4AaABAg	クイーンメロン	べみほがすっぴんでも可愛い件	べみほがすっぴんでも可愛い件	0	2019-09-30T08:10:55.000Z	2019-09-30T08:10:55.000Z	0
UgzrPdxlr97hesaE8fR4AaABAg	wing game	すっぴんでもみんな可愛い	すっぴんでもみんな可愛い	1	2019-09-30T08:10:40.000Z	2019-09-30T08:10:40.000Z	0
UgwG6BaXVJq3VSOCgdB4AaABAg	こめこぱん	"<a href=""https://www.youtube.com/watch?v=_iyCAzClmT8&amp;t=1m24s"">1:24</a> 気づけばいい感じ〜に〜へい！😪🙌🏻<br />ここのべみほが可愛すぎてずっとリピートしてる<br />そしてｽﾝｯと真顔に戻る瞬間が面白い笑笑笑笑"	"1:24 気づけばいい感じ〜に〜へい！😪🙌🏻
ここのべみほが可愛すぎてずっとリピートしてる
そしてｽﾝｯと真顔に戻る瞬間が面白い笑笑笑笑"	0	2019-09-30T08:09:56.000Z	2019-09-30T08:13:19.000Z	0
UgxtJvuBDBYme-6eCGt4AaABAg	Kamiya晴	ひなの：ひかげ<br />若林&amp;春日：はーい！	"ひなの：ひかげ
若林&春日：はーい！"	0	2019-09-30T08:09:16.000Z	2019-09-30T08:09:16.000Z	0
UgwZ48iYpHQ_dYE5ZuV4AaABAg	山さん山さん	ひなのなのめっちゃ見たいー<br />フル公開されないかな	"ひなのなのめっちゃ見たいー
フル公開されないかな"	0	2019-09-30T08:03:42.000Z	2019-09-30T08:03:42.000Z	0
UgwAdx3rd9q-PiSBVbd4AaABAg	関谷京介	"<a href=""https://www.youtube.com/watch?v=_iyCAzClmT8&amp;t=0m48s"">0:48</a>あっさり「起きました」っていうサバサバ感がいい"	0:48あっさり「起きました」っていうサバサバ感がいい	0	2019-09-30T08:00:03.000Z	2019-09-30T08:00:03.000Z	0
UgxE2b7V5FURhc115jF4AaABAg	いのうえたいき	普通のこと言うけど<br />みんな可愛いよね	"普通のこと言うけど
みんな可愛いよね"	1	2019-09-30T07:59:49.000Z	2019-09-30T07:59:49.000Z	0
UgzqmY71rE96WMUpoUp4AaABAg	キングさつまいも	同じ世界で生きているとは思えない。もしかして別世界の生き物…？	同じ世界で生きているとは思えない。もしかして別世界の生き物…？	0	2019-09-30T07:58:19.000Z	2019-09-30T07:58:19.000Z	0
UgyHfBaT9AxSEGqN7cN4AaABAg	バーチャルおばあちゃんガチ恋勢にガチ恋勢	べみほ笑ったｗ	べみほ笑ったｗ	0	2019-09-30T07:57:49.000Z	2019-09-30T07:57:49.000Z	0
Ugzrj_JBTQPidjOQquN4AaABAg	ただのオタク	なのの光合成でふいに反応してしまった。	なのの光合成でふいに反応してしまった。	0	2019-09-30T07:57:09.000Z	2019-09-30T07:57:09.000Z	0
Ugy3zmqQD5Qw31LVGGF4AaABAg	いーばー	可愛いすぎて辛いって<br />こっちの台詞ですw	"可愛いすぎて辛いって
こっちの台詞ですw"	1	2019-09-30T07:55:44.000Z	2019-09-30T07:59:35.000Z	0
UgwBJmWcgOj4_O2aiVJ4AaABAg	ももちゃん	富田ってやっぱ才能の塊	富田ってやっぱ才能の塊	0	2019-09-30T07:55:02.000Z	2019-09-30T07:55:02.000Z	0
Ugyi54dDzBlJDWauZ4J4AaABAg	船橋梨	目覚ましがキュンって俺と一緒やんけ富田	目覚ましがキュンって俺と一緒やんけ富田	0	2019-09-30T07:54:10.000Z	2019-09-30T07:54:10.000Z	0
UgzBwo6tN13la0Y27R94AaABAg	たつのおとし5	"<a href=""https://www.youtube.com/watch?v=_iyCAzClmT8&amp;t=1m43s"">1:43</a>〜可愛すぎて変な声出た"	1:43〜可愛すぎて変な声出た	0	2019-09-30T07:52:26.000Z	2019-09-30T07:52:26.000Z	0
UgzZpPFRx09VNAnadop4AaABAg	みりん	ひなのの可愛さに気付かないフリをしてきた自分を抑えられなくなってきて辛い。	ひなのの可愛さに気付かないフリをしてきた自分を抑えられなくなってきて辛い。	0	2019-09-30T07:51:04.000Z	2019-09-30T07:51:04.000Z	0
Ugx3Uj3bm1bCzOlVeV14AaABAg	あんず飴	"<a href=""https://www.youtube.com/watch?v=_iyCAzClmT8&amp;t=1m45s"">1:45</a> のひなのがねるに見えた…"	1:45 のひなのがねるに見えた…	0	2019-09-30T07:50:44.000Z	2019-09-30T07:50:44.000Z	0
UgwSssWUuF3UgcZNCmd4AaABAg	ハンソロ	無理、可愛い。	無理、可愛い。	0	2019-09-30T07:50:20.000Z	2019-09-30T07:50:20.000Z	0
UgwscxZ3Yxiqz8COEzR4AaABAg	ひなたのばなな	これ絶対全タイプ買う。全部観たいもん…	これ絶対全タイプ買う。全部観たいもん…	1	2019-09-30T07:48:07.000Z	2019-09-30T07:48:07.000Z	0
Ugz3QFc7RKiKn8zK-qd4AaABAg	山本山田	ひなのの脚は反則やろ<br /><br />ヘタなパンチラよりパンチ力あるよ	"ひなのの脚は反則やろ

ヘタなパンチラよりパンチ力あるよ"	0	2019-09-30T07:44:06.000Z	2019-09-30T07:44:06.000Z	0
UgwPLS_vR1ucFgREu-Z4AaABAg	くま くま	みーぱんは朝ごはんパンじゃないんかい	みーぱんは朝ごはんパンじゃないんかい	0	2019-09-30T07:44:00.000Z	2019-09-30T07:44:00.000Z	0
UgyoGCJw7I7TpT4TU2V4AaABAg	୨୧ :ぱる	すっぴんでも可愛いって何事！？<br />とりあえず美穂ちゃん可愛すぎ(꒪ཀ꒪)<br />たとえ猫になっても好きです（（	"すっぴんでも可愛いって何事！？
とりあえず美穂ちゃん可愛すぎ(꒪ཀ꒪)
たとえ猫になっても好きです（（"	0	2019-09-30T07:43:27.000Z	2019-09-30T07:43:27.000Z	0
UgxIHJI5ztt94BNH48l4AaABAg	大樹佐藤	なにこのスーパーグループ感。顔といいキャラといいもう日向革命や。	なにこのスーパーグループ感。顔といいキャラといいもう日向革命や。	0	2019-09-30T07:43:12.000Z	2019-09-30T07:43:12.000Z	0
UgwHyGuz-8b-AHXwFnN4AaABAg	うさりーむ	ひなのちゃん色々ヤバい‪w‪w<br />何がとは言わないけど‪w<br /><br /><br /><br /><br />でもそういう所が好きです💕	"ひなのちゃん色々ヤバい‪w‪w
何がとは言わないけど‪w




でもそういう所が好きです💕"	1	2019-09-30T07:42:50.000Z	2019-09-30T07:42:50.000Z	0
UgwBUk6J-d1vtnJ276B4AaABAg	山本山田	みーぱんさんの寝起き神過ぎる	みーぱんさんの寝起き神過ぎる	0	2019-09-30T07:42:48.000Z	2019-09-30T07:42:48.000Z	0
Ugwm470A7JKMbFA0W2F4AaABAg	くそやろうのペケたん	やべぇ。こっちも買わなきゃ	やべぇ。こっちも買わなきゃ	0	2019-09-30T07:42:19.000Z	2019-09-30T07:42:19.000Z	0
Ugz-TWFKZcKYNPQgQql4AaABAg	ブラックおじさん	みーぱん糖尿病待ったなしで草	みーぱん糖尿病待ったなしで草	0	2019-09-30T07:42:08.000Z	2019-09-30T07:42:08.000Z	0
UgwIAk5wNP8o2zzAR3V4AaABAg	あめちゃん	天王寺いたとかいつか知らないけど見れたらよかったー笑	天王寺いたとかいつか知らないけど見れたらよかったー笑	0	2019-09-30T07:41:58.000Z	2019-09-30T07:41:58.000Z	0
UgyfFGXSmSp6M8RwHud4AaABAg	山本山田	高瀬くらいがちょうどいい<br /><br />ちょうどいい可愛さ	"高瀬くらいがちょうどいい

ちょうどいい可愛さ"	0	2019-09-30T07:41:36.000Z	2019-09-30T07:41:36.000Z	0
UgxmxhDYtuFGYsOsyc54AaABAg	溶けるパピコ	可愛い子は行動まで可愛いということか	可愛い子は行動まで可愛いということか	0	2019-09-30T07:40:35.000Z	2019-09-30T07:40:35.000Z	0
Ugw_d-4GujItrUzEZRl4AaABAg	コンソメパンチ	こさかな可愛すぎるだろ<br />絶対フル公開しないよな	"こさかな可愛すぎるだろ
絶対フル公開しないよな"	0	2019-09-30T07:40:02.000Z	2019-09-30T07:40:02.000Z	0
UgzMvmJB-bpwSlBj0WR4AaABAg	乃木坂も大好きなおひさま	コメント が均等に6人の感想になってて癒される。そんな僕はまなふぃ推し	コメント が均等に6人の感想になってて癒される。そんな僕はまなふぃ推し	0	2019-09-30T07:38:25.000Z	2019-09-30T07:38:25.000Z	0
UgwLaNn9nO3tWAt3-jd4AaABAg	りりり	"<a href=""https://www.youtube.com/watch?v=_iyCAzClmT8&amp;t=1m36s"">1:36</a><br /><br />日向坂の流れから次は「こんな猫になると思っていなかった」と来て<br />次に「こんな猫になっちゃっていいの？」まで展開されていくのだろう。"	"1:36

日向坂の流れから次は「こんな猫になると思っていなかった」と来て
次に「こんな猫になっちゃっていいの？」まで展開されていくのだろう。"	0	2019-09-30T07:37:58.000Z	2019-09-30T07:37:58.000Z	0
Ugxdx8qXjndT_gSOf9x4AaABAg	佐藤匠	"<a href=""https://www.youtube.com/watch?v=_iyCAzClmT8&amp;t=1m45s"">1:45</a> ひなの、Baby sharkやってて草"	1:45 ひなの、Baby sharkやってて草	0	2019-09-30T07:34:27.000Z	2019-09-30T07:34:27.000Z	0
UgzmYsQ7fSJ8VPbvd214AaABAg	。 apipi	光合成してるね　の時の顔が完全にねる	光合成してるね　の時の顔が完全にねる	0	2019-09-30T07:32:50.000Z	2019-09-30T07:32:50.000Z	0
Ugz-1GIS3Yhj8J5v0T14AaABAg	てつてつ	いやこさかな俺の地元に来てたんかい<br />地価上がったわ	"いやこさかな俺の地元に来てたんかい
地価上がったわ"	0	2019-09-30T07:32:38.000Z	2019-09-30T07:32:38.000Z	0
Ugwg2W-c_6Xa3RttEWR4AaABAg	タマゴボーロ	待って、高瀬めちゃめちゃかわええやん。メガネデートとか最高やの	待って、高瀬めちゃめちゃかわええやん。メガネデートとか最高やの	0	2019-09-30T07:29:50.000Z	2019-09-30T07:29:50.000Z	0
Ugy0rdNjTeipjU4LJQR4AaABAg	マイルド虎	みーぱんの寝起き<br />べみほのわけわからん感じ<br /><br />好きです。	"みーぱんの寝起き
べみほのわけわからん感じ

好きです。"	0	2019-09-30T07:28:56.000Z	2019-09-30T07:28:56.000Z	0
UgyFknZDq5T-gQHzJr14AaABAg	ななみ。	ノーマークだった<br />まなふぃがめっちゃ可愛い…。	"ノーマークだった
まなふぃがめっちゃ可愛い…。"	1	2019-09-30T07:28:30.000Z	2019-09-30T07:28:30.000Z	0
Ugy99DCcj7wxQbbvNFp4AaABAg	くけこくけこ	こさかな、天王寺来たんやったら、連絡くれや	こさかな、天王寺来たんやったら、連絡くれや	0	2019-09-30T07:27:20.000Z	2019-09-30T07:27:20.000Z	0
UgzqzhXEJw3E-vbwalN4AaABAg	山崎卓哉	思ってた以上にどのタイプ（メンバー）も好き。 秋がくるってのに心が真夏のおひさまになりそうだわ。 これだよこれ！これぞ特典だよこれ！！	思ってた以上にどのタイプ（メンバー）も好き。 秋がくるってのに心が真夏のおひさまになりそうだわ。 これだよこれ！これぞ特典だよこれ！！	0	2019-09-30T07:26:49.000Z	2019-09-30T07:26:49.000Z	0
UgxKx5aNppBWn3_BLkh4AaABAg	or4nge3 -abb	みんなスッピン強すぎて草	みんなスッピン強すぎて草	0	2019-09-30T07:24:54.000Z	2019-09-30T07:24:54.000Z	0
UgymAZUsddGXbDRS71J4AaABAg	kumo三郎	ひなのなのの圧倒的世界観	ひなのなのの圧倒的世界観	1	2019-09-30T07:24:01.000Z	2019-09-30T07:24:01.000Z	0
UgzFYY9fYwae_7FP7bR4AaABAg	春日オードリー	おひさまのみなさん<br /><br /><br /><br /><br />春日の朝も知りたいですか？	"おひさまのみなさん




春日の朝も知りたいですか？"	0	2019-09-30T07:22:40.000Z	2019-09-30T07:22:40.000Z	0
UgyeUG5nXBonDM9l55x4AaABAg	Shogo N	"<a href=""https://www.youtube.com/watch?v=_iyCAzClmT8&amp;t=1m25s"">1:25</a> 顔とれちゃうんじゃない？？？"	1:25 顔とれちゃうんじゃない？？？	0	2019-09-30T07:22:33.000Z	2019-09-30T07:22:33.000Z	0
UgzqU8knG2LoIzomGCx4AaABAg	音瑠	こさかな、富田、みーぱん、べみほ、ひなのなの可愛い！！	こさかな、富田、みーぱん、べみほ、ひなのなの可愛い！！	0	2019-09-30T07:21:45.000Z	2019-09-30T07:21:45.000Z	0
UgweGL6-pioC9yIFP014AaABAg	長田光平	"<a href=""https://www.youtube.com/watch?v=_iyCAzClmT8&amp;t=1m46s"">1:46</a>  このひなのの言い方めちゃめちゃかわいいですますございます"	1:46  このひなのの言い方めちゃめちゃかわいいですますございます	4	2019-09-30T07:21:17.000Z	2019-09-30T07:21:17.000Z	0
UgzRL4oBcKP_cc2Wjg94AaABAg	るちゃ	ひなのがひなのすぎて好き	ひなのがひなのすぎて好き	0	2019-09-30T07:20:16.000Z	2019-09-30T07:20:16.000Z	0
UgxhUq5-HHIACJzbt7B4AaABAg	ななみ。	美穂ちゃんのサメと<br />久美ちゃんのサメ一緒だ！！！	"美穂ちゃんのサメと
久美ちゃんのサメ一緒だ！！！"	2	2019-09-30T07:20:13.000Z	2019-09-30T07:20:13.000Z	2
UgxhUq5-HHIACJzbt7B4AaABAg.9-VDQU5mk4H9-VE6poZ5ZF	ななみ。	@キリマンジャロ由依 <br />私のお姉ちゃんも持っていて、<br />人気らしいですね…(&gt;&lt;)	"@キリマンジャロ由依 
私のお姉ちゃんも持っていて、
人気らしいですね…(><)"	1	2019-09-30T07:26:17.000Z	2019-09-30T07:26:17.000Z	0
UgxhUq5-HHIACJzbt7B4AaABAg.9-VDQU5mk4H9-VDmWYXeBg	キリマンジャロ由依	そして、その2人と同じサメを持っている私、幸せ。家宝にしよう	そして、その2人と同じサメを持っている私、幸せ。家宝にしよう	0	2019-09-30T07:23:22.000Z	2019-09-30T07:23:22.000Z	0
UgwW0o3b7gpEDL8fpgt4AaABAg	木桜極藍	みーぱんパンを食わず。	みーぱんパンを食わず。	0	2019-09-30T07:19:58.000Z	2019-09-30T07:19:58.000Z	0
UgwtK-0We3KUGOOnqTF4AaABAg	ななみ。	私もアラーム「キュン」で<br />嬉しすぎました〜！<br />キュンの曲起きやすいですよ！	"私もアラーム「キュン」で
嬉しすぎました〜！
キュンの曲起きやすいですよ！"	0	2019-09-30T07:19:12.000Z	2019-09-30T07:19:12.000Z	0
UgzcwDs6wYEYytZ4bal4AaABAg	【オラオララッシュ】	ミホワタナベのフルバージョンが公開されますように	ミホワタナベのフルバージョンが公開されますように	0	2019-09-30T07:18:48.000Z	2019-09-30T07:18:48.000Z	0
UgxSLX28cw5jILvKO894AaABAg	嘉山トラノ	小坂やばくない！？かわいいなあ！	小坂やばくない！？かわいいなあ！	0	2019-09-30T07:18:28.000Z	2019-09-30T07:18:28.000Z	0
Ugzv_M1FxznbeMfOyVJ4AaABAg	木野翔	一昨日「タイプAに決めた！」<br />昨日「タイプBに決めた！」<br />今日「タイプCに決めた！」	"一昨日「タイプAに決めた！」
昨日「タイプBに決めた！」
今日「タイプCに決めた！」"	1	2019-09-30T07:13:58.000Z	2019-09-30T07:13:58.000Z	0
UgwpjIUqKAeUL2gxsdF4AaABAg	恋するレオパレス	"<a href=""https://www.youtube.com/watch?v=_iyCAzClmT8&amp;t=1m04s"">1:04</a> 特大ブーメランすぎる"	1:04 特大ブーメランすぎる	0	2019-09-30T07:13:31.000Z	2019-09-30T07:13:31.000Z	0
UgxCFfKTQMluM7AYNzF4AaABAg	まっつん	小坂菜緒、大人っぽいじゃなくて、大人なんすね、、、<br />キミはキレイだ、、、	"小坂菜緒、大人っぽいじゃなくて、大人なんすね、、、
キミはキレイだ、、、"	0	2019-09-30T07:12:07.000Z	2019-09-30T07:12:07.000Z	0
Ugz23ufQa3BbmAzpDWx4AaABAg	ゴールデンフリーザ	ひなのの目覚ましの止め方すごいな笑	ひなのの目覚ましの止め方すごいな笑	0	2019-09-30T07:09:21.000Z	2019-09-30T07:09:21.000Z	0
UgxnW2Nruy4ZJ-cn3lJ4AaABAg	クーヘン	タイプDがオードリーなら買ったかもしれないんですけれどもね	タイプDがオードリーなら買ったかもしれないんですけれどもね	0	2019-09-30T07:09:03.000Z	2019-09-30T07:09:03.000Z	0
UgxVaHZJsthk6B_MFWN4AaABAg	なっちゃん	数人の私たちの疑問<br />「この部屋は、自宅??(犯罪味)」	"数人の私たちの疑問
「この部屋は、自宅??(犯罪味)」"	1	2019-09-30T07:08:11.000Z	2019-09-30T07:08:11.000Z	0
UgyYjxHzXQj5d8ceTfx4AaABAg	パンけい	こさかな天王寺来とったんや<br />やば！	"こさかな天王寺来とったんや
やば！"	1	2019-09-30T07:06:58.000Z	2019-09-30T07:06:58.000Z	0
UgxWxkCNVheJb3m-tkx4AaABAg	放課後パイレーツ	なの ってこんなに喋るんだ…Σ(・ω・ﾉ)ﾉ	なの ってこんなに喋るんだ…Σ(・ω・ﾉ)ﾉ	0	2019-09-30T07:05:29.000Z	2019-09-30T07:05:29.000Z	0
UgwsRBMUnu8kG325BPV4AaABAg	マッシロな正義	休日なのになんか申し訳ないです😅	休日なのになんか申し訳ないです😅	0	2019-09-30T07:01:51.000Z	2019-09-30T07:01:51.000Z	0
UgzF41E7WYwg35IsvE14AaABAg	むーたん	ひなのの休日 ねるにめっちゃ似てる	ひなのの休日 ねるにめっちゃ似てる	0	2019-09-30T07:00:41.000Z	2019-09-30T07:00:41.000Z	0
UgzFDMBGpd_aHcJF90B4AaABAg	HIROKI	ひなのなのはアラーム消すのも変化球なのか	ひなのなのはアラーム消すのも変化球なのか	0	2019-09-30T06:58:23.000Z	2019-09-30T06:58:23.000Z	0
UgwoQEHaBFCk47SaN8x4AaABAg	飛鳥しか〜	"<a href=""https://www.youtube.com/watch?v=_iyCAzClmT8&amp;t=0m49s"">0:49</a> 起きましたって言うだけでこんなに可愛いんだから。<br />目が覚めて猫になってたら更に可愛い。"	"0:49 起きましたって言うだけでこんなに可愛いんだから。
目が覚めて猫になってたら更に可愛い。"	0	2019-09-30T06:54:58.000Z	2019-09-30T06:54:58.000Z	0
UgyPFymvVRi_sd7k0Th4AaABAg	くろしおチャンネル	"<a href=""https://www.youtube.com/watch?v=_iyCAzClmT8&amp;t=1m44s"">1:44</a> ほんといつでもどこでも変化球で草"	1:44 ほんといつでもどこでも変化球で草	0	2019-09-30T06:54:56.000Z	2019-09-30T06:54:56.000Z	0
UgxLoNJ_hQsmgqDfhmp4AaABAg	ありぽむ	まってなおちゃんすっぴん可愛すぎる	まってなおちゃんすっぴん可愛すぎる	3	2019-09-30T06:50:51.000Z	2019-09-30T06:50:51.000Z	0
UgwNijLnA78Ul3zWF9Z4AaABAg	過去にもどりたい	べみほ と こさかな 推しの俺に<br />得すぎる特典やなw	"べみほ と こさかな 推しの俺に
得すぎる特典やなw"	0	2019-09-30T06:50:50.000Z	2019-09-30T06:50:50.000Z	0
Ugzgpcdf-eviQ0XDRhF4AaABAg	京夏	皆普通に出掛けてるけど、日向坂だー！って声かけられたりしないのかな	皆普通に出掛けてるけど、日向坂だー！って声かけられたりしないのかな	0	2019-09-30T06:50:22.000Z	2019-09-30T06:50:22.000Z	0
UgzsQcsIIVPnNFfFtxJ4AaABAg	祐也	ひなのなのこれからもっと化けるんやろな。可能性凄いわ。	ひなのなのこれからもっと化けるんやろな。可能性凄いわ。	0	2019-09-30T06:49:58.000Z	2019-09-30T06:49:58.000Z	0
UgzWdPuEUwbbMR73wsl4AaABAg	名前	typeC ほとんどの推しいるw	typeC ほとんどの推しいるw	0	2019-09-30T06:48:20.000Z	2019-09-30T06:48:20.000Z	0
UgyH9uX5T-hCDEVDGjF4AaABAg	乃々栄	可愛すぎて辛いはこっちのセリフです。	可愛すぎて辛いはこっちのセリフです。	0	2019-09-30T06:48:19.000Z	2019-09-30T06:48:19.000Z	0
UgwG-WA5gCN8u_ZrLX14AaABAg	かき	友達といても決して乱れることのない小坂の前髪	友達といても決して乱れることのない小坂の前髪	0	2019-09-30T06:48:09.000Z	2019-09-30T06:48:09.000Z	0
Ugw89ogUXubwCb1tln94AaABAg	30159 kzi	"<a href=""https://www.youtube.com/watch?v=_iyCAzClmT8&amp;t=1m44s"">1:44</a> パンッ！"	1:44 パンッ！	0	2019-09-30T06:47:56.000Z	2019-09-30T06:47:56.000Z	0
UgyPu9SUcd54di123nF4AaABAg	かき	小坂の前髪セットははたしてみられるのか…	小坂の前髪セットははたしてみられるのか…	0	2019-09-30T06:47:21.000Z	2019-09-30T06:47:21.000Z	0
Ugyngo0NRVBWS8a8hsJ4AaABAg	弁ノリ	ひかげ！	ひかげ！	0	2019-09-30T06:46:13.000Z	2019-09-30T06:46:13.000Z	0
UgyRxymYEAS2nUmgj0t4AaABAg	、、、、、、	こさかなとひなの可愛すぎだろ	こさかなとひなの可愛すぎだろ	0	2019-09-30T06:46:07.000Z	2019-09-30T06:46:07.000Z	0
UgyEbqQQSh07qvnOoVh4AaABAg	NAO YA	こんなん見せたら小坂推しが増えてまうやろ！！<br />はやくフルみせてくれ。	"こんなん見せたら小坂推しが増えてまうやろ！！
はやくフルみせてくれ。"	0	2019-09-30T06:45:50.000Z	2019-09-30T06:45:50.000Z	0
UgzLm8Tc_cELbFE1Dox4AaABAg	shun T	ひなの見るとなんで3期生が1人だけなのかわかる気がする。あの子はいい意味ですごく変わってる。笑<br />あと、小坂菜緒が可愛すぎます。	"ひなの見るとなんで3期生が1人だけなのかわかる気がする。あの子はいい意味ですごく変わってる。笑
あと、小坂菜緒が可愛すぎます。"	0	2019-09-30T06:43:15.000Z	2019-09-30T06:43:15.000Z	0
UgxN5PXE43ugVHE-yz94AaABAg	0316 Tota	"<a href=""https://www.youtube.com/watch?v=_iyCAzClmT8&amp;t=0m49s"">0:49</a> すっぴんとは…"	0:49 すっぴんとは…	10	2019-09-30T06:42:15.000Z	2019-09-30T06:42:15.000Z	0
UgwRk_QpyJqDjGq94Q54AaABAg	ナナ	こさかああああああ	こさかああああああ	0	2019-09-30T06:37:15.000Z	2019-09-30T06:37:15.000Z	0
UgwlPKf5KANV5pjWJiZ4AaABAg	小坂奈	こさかな可愛すぎてやばすぎるんだが<br />こんなに可愛い人いる？	"こさかな可愛すぎてやばすぎるんだが
こんなに可愛い人いる？"	0	2019-09-30T06:32:31.000Z	2019-09-30T06:32:31.000Z	0
UgxZm8I41FX1Pfa5cc14AaABAg	生田セゾン	こさかなが可愛すぎて死にそうになった同志います？	こさかなが可愛すぎて死にそうになった同志います？	0	2019-09-30T06:31:41.000Z	2019-09-30T06:31:41.000Z	0
UgyoqIxblbQpD9NpGcl4AaABAg	/ピオ/	A,B,C全部買いだ！！！	A,B,C全部買いだ！！！	0	2019-09-30T06:31:17.000Z	2019-09-30T06:31:17.000Z	0
UgxLnfJb-pDu4AxZWCZ4AaABAg	じょい	目覚ましバシバシするひなのの腕長いな〜(ﾉｼ &#39;ω&#39;)ﾉｼ ﾊﾞﾝﾊﾞﾝ	目覚ましバシバシするひなのの腕長いな〜(ﾉｼ 'ω')ﾉｼ ﾊﾞﾝﾊﾞﾝ	0	2019-09-30T06:30:46.000Z	2019-09-30T06:30:46.000Z	0
Ugw8udsWGCJsM4ph1oZ4AaABAg	あいうえお	やっぱひなのちゃんねるに似てるわ	やっぱひなのちゃんねるに似てるわ	0	2019-09-30T06:29:41.000Z	2019-09-30T06:29:41.000Z	0
UgzaJVKD6SiDZC7LYcl4AaABAg	k t	やっぱ部屋の中より外出てる映像のほうがワクワクする	やっぱ部屋の中より外出てる映像のほうがワクワクする	0	2019-09-30T06:24:14.000Z	2019-09-30T06:24:14.000Z	0
UgzCCF0yuIDSkcp1mhx4AaABAg	たらお	"<a href=""https://www.youtube.com/watch?v=_iyCAzClmT8&amp;t=0m49s"">0:49</a> 初期感あっていい"	0:49 初期感あっていい	1	2019-09-30T06:20:52.000Z	2019-09-30T06:20:52.000Z	0
UgxdFGq8KYfG4ptZzCd4AaABAg	はやかな	みーぱーん！可愛い	みーぱーん！可愛い	0	2019-09-30T06:17:42.000Z	2019-09-30T06:17:42.000Z	0
UgxRHv1asSW0G_tzJgJ4AaABAg	クリーパーくんw最強	type-Oが若林と春日の休日なんですよね？<br />楽しみだなぁ	"type-Oが若林と春日の休日なんですよね？
楽しみだなぁ"	0	2019-09-30T06:17:03.000Z	2019-09-30T06:17:03.000Z	2
UgxRHv1asSW0G_tzJgJ4AaABAg.9-V6BpGrR6x9-VclSszDZt	クリーパーくんw最強	キュービック 笑笑笑笑笑笑	キュービック 笑笑笑笑笑笑	0	2019-09-30T11:10:25.000Z	2019-09-30T11:10:25.000Z	0
UgxRHv1asSW0G_tzJgJ4AaABAg.9-V6BpGrR6x9-VcWdzkI6n	キュービック	"ひかげの休日(ネタ)ならありますよw<br /><a href=""https://youtu.be/BUXWB8bD2po"">https://youtu.be/BUXWB8bD2po</a>"	"ひかげの休日(ネタ)ならありますよw
https://youtu.be/BUXWB8bD2po"	1	2019-09-30T11:08:15.000Z	2019-09-30T11:08:15.000Z	0
UgySPcAEA_18GVjwgOF4AaABAg	Noah	ひなの目覚ましの止め方独特すぎた	ひなの目覚ましの止め方独特すぎた	0	2019-09-30T06:15:30.000Z	2019-09-30T06:15:30.000Z	0
Ugz2q4FhPfjp49L46HB4AaABAg	Na ki	誰がフルで出るのか	誰がフルで出るのか	0	2019-09-30T06:13:43.000Z	2019-09-30T06:13:43.000Z	0
UgyegDN-gNDfBmaaM654AaABAg	ぼのぼの	"<a href=""https://www.youtube.com/watch?v=_iyCAzClmT8&amp;t=0m36s"">0:36</a> ここの素感すき"	0:36 ここの素感すき	2	2019-09-30T06:11:26.000Z	2019-09-30T06:11:26.000Z	0
UgxHUuKBCu6mJQNK_mF4AaABAg	ちょいちょいちょぱー	ひなのの部屋和なんだ、、なんかいいな。<br /><br /><br />あとみーぱん最高。	"ひなのの部屋和なんだ、、なんかいいな。


あとみーぱん最高。"	0	2019-09-30T06:10:22.000Z	2019-09-30T06:10:22.000Z	0
UgyE1zc6aQD6Cy_76uh4AaABAg	わっしょい濱住みのアルサポ	最後やばい奴いたwww<br />好きだわーwww	"最後やばい奴いたwww
好きだわーwww"	0	2019-09-30T06:08:24.000Z	2019-09-30T06:08:24.000Z	0
Ugy4cUYNlb0s_U-QcAx4AaABAg	神宮のあいつ	みほわたなべはSHOWROOMじゃないよね？ｗｗ上村くん目覚めから激しいｗ見どころ多そう( ´∀｀)	みほわたなべはSHOWROOMじゃないよね？ｗｗ上村くん目覚めから激しいｗ見どころ多そう( ´∀｀)	0	2019-09-30T06:06:17.000Z	2019-09-30T06:06:17.000Z	0
UgwBq--B9Yax9wyC-I94AaABAg	川上ゆうき	すずちゃんえぐいな<br />なんでも出来てすごい<br />アラームがキュンやし笑笑<br />俺もアラームキュンにしよ笑笑	"すずちゃんえぐいな
なんでも出来てすごい
アラームがキュンやし笑笑
俺もアラームキュンにしよ笑笑"	0	2019-09-30T06:05:40.000Z	2019-09-30T06:05:40.000Z	0
UgzlZbVGqQ8oEM89Erx4AaABAg	ななすけ推し	小坂菜緒が可愛すぎないか！？<br />小坂菜緒は可愛すぎる！<br />本当のことだからだ！<br />小坂菜緒が可愛すぎる根拠を言え！	"小坂菜緒が可愛すぎないか！？
小坂菜緒は可愛すぎる！
本当のことだからだ！
小坂菜緒が可愛すぎる根拠を言え！"	0	2019-09-30T06:04:22.000Z	2019-09-30T06:04:22.000Z	0
UgxOXKkraWAgvo6ybcR4AaABAg	とろりん	おすず好きすぎて辛いんだけど…♡	おすず好きすぎて辛いんだけど…♡	0	2019-09-30T06:04:22.000Z	2019-09-30T06:04:22.000Z	0
UgwGVw-luoqlDlxK0AZ4AaABAg	ムササビ中継所	"<a href=""https://www.youtube.com/watch?v=_iyCAzClmT8&amp;t=0m17s"">0:17</a> リモコンおそろやん"	0:17 リモコンおそろやん	0	2019-09-30T06:02:10.000Z	2019-09-30T06:02:10.000Z	0
UgzUvEjo2CBuBLC3wWp4AaABAg	たあいぽん	まなふぃのサングラス笑った	まなふぃのサングラス笑った	0	2019-09-30T06:01:40.000Z	2019-09-30T06:01:40.000Z	0
Ugwg6zGqTye6_qgHpQp4AaABAg	ペコペコくん	"<a href=""https://www.youtube.com/watch?v=_iyCAzClmT8&amp;t=1m04s"">1:04</a> 可愛すぎて辛いとか、、<br /><br /><br /><br /><br />ブーメラン乙"	"1:04 可愛すぎて辛いとか、、




ブーメラン乙"	1	2019-09-30T05:59:14.000Z	2019-09-30T05:59:14.000Z	0
UgwyWIPWYebIWOvuhql4AaABAg	和関	ひなのなのの目覚ましを止める動作と、直後の動作が森友哉のベイビーシャーク	ひなのなのの目覚ましを止める動作と、直後の動作が森友哉のベイビーシャーク	0	2019-09-30T05:55:47.000Z	2019-09-30T05:55:47.000Z	0
Ugyp9EQ60-4j0-vivnl4AaABAg	hiko aki	ひなのちゃんの目覚ましの止め方めっちゃかわいい	ひなのちゃんの目覚ましの止め方めっちゃかわいい	0	2019-09-30T05:55:05.000Z	2019-09-30T05:55:05.000Z	0
Ugzb0PxM6dRCLN_va_Z4AaABAg	ちょ	え、小坂菜緒ってさ<br /><br /><br /><br /><br />可愛いすぎん？	"え、小坂菜緒ってさ




可愛いすぎん？"	1	2019-09-30T05:53:58.000Z	2019-09-30T05:53:58.000Z	0
Ugx1nYO6c-hnBZ6tx-l4AaABAg	もま	天王寺来てたんかいワレ！	天王寺来てたんかいワレ！	0	2019-09-30T05:53:03.000Z	2019-09-30T05:53:03.000Z	0
UgwvoTaCx8YlCoSILPN4AaABAg	と人間クロスバイク	ひなの和室似合うわー	ひなの和室似合うわー	0	2019-09-30T05:46:07.000Z	2019-09-30T05:46:07.000Z	0
Ugytovb9hZGxNbqbokx4AaABAg	kasuki8430	かとしもささみもちゃんと飯は食えwww	かとしもささみもちゃんと飯は食えwww	0	2019-09-30T05:46:04.000Z	2019-09-30T05:46:04.000Z	0
UgxxpQNhCqBOkPLT4iR4AaABAg	herman darmawan	Nano really resembles Neru.	Nano really resembles Neru.	0	2019-09-30T05:36:25.000Z	2019-09-30T05:36:25.000Z	0
Ugx_CY6b0bU6oDKokgZ4AaABAg	株式会社ZOGE_ハロプロ会議室	"<a href=""https://www.youtube.com/watch?v=_iyCAzClmT8&amp;t=1m35s"">1:35</a><br />猫になったみほに高瀬愛菜が気づくまでの歌。"	"1:35
猫になったみほに高瀬愛菜が気づくまでの歌。"	6	2019-09-30T05:35:57.000Z	2019-09-30T05:35:57.000Z	0
Ugxgt06_uHxCAlHCg7Z4AaABAg	ふくくん	"<a href=""https://www.youtube.com/watch?v=_iyCAzClmT8&amp;t=1m05s"">1:05</a> 見ているお前らの気持ちだな"	1:05 見ているお前らの気持ちだな	15	2019-09-30T05:35:52.000Z	2019-09-30T05:35:52.000Z	0
Ugx9kPpeRqO-OK9GXux4AaABAg	デビルタスマニア	べみほだけ異質www	べみほだけ異質www	0	2019-09-30T05:31:20.000Z	2019-09-30T05:31:20.000Z	0
UgzzXsF-AHPOfuc20kd4AaABAg	Luru 46	富田って多才ですごい。<br /><br />こさかながところどころいくちゃんに見えた。	"富田って多才ですごい。

こさかながところどころいくちゃんに見えた。"	0	2019-09-30T05:31:09.000Z	2019-09-30T05:31:09.000Z	0
UgxV3ETs-e_TdZre4w94AaABAg	SiRoHaNe	光合成が見える変化球	光合成が見える変化球	0	2019-09-30T05:28:29.000Z	2019-09-30T05:28:29.000Z	0
UgycKEvn3bSK8SmflxB4AaABAg	膣井あやめ	"<a href=""https://www.youtube.com/watch?v=_iyCAzClmT8&amp;t=1m27s"">1:27</a>ソルトベイ"	1:27ソルトベイ	0	2019-09-30T05:27:45.000Z	2019-09-30T05:27:45.000Z	0
UgySmnJZfmJmzQ_mlQd4AaABAg	anpontan	すーちゃDTMerかよ！！！	すーちゃDTMerかよ！！！	2	2019-09-30T05:25:56.000Z	2019-09-30T05:25:56.000Z	0
UgyYTwM_fO2WDivuZK14AaABAg	丹生ちゃんの心を持ったコマさん	他のタイプと違ってこのグループはいい意味で生活感があってなんか落ち着くわ…<br /><br /><br /><br /><br /><br /><br /><br /><br />※なべみほの洗面所は除く	"他のタイプと違ってこのグループはいい意味で生活感があってなんか落ち着くわ…








※なべみほの洗面所は除く"	0	2019-09-30T05:25:33.000Z	2019-09-30T05:25:33.000Z	0
UgwdhZQaGGUp-RzMUK14AaABAg	なしのたね	うわぁ...A〜Cまで全部好き	うわぁ...A〜Cまで全部好き	0	2019-09-30T05:24:25.000Z	2019-09-30T05:24:25.000Z	0
UgzQeOqU0Oqvy66Le5R4AaABAg	Ushio Mochinaga	プライベートこさかなはカラコンしてるのか。余計かわいいやんけ…	プライベートこさかなはカラコンしてるのか。余計かわいいやんけ…	0	2019-09-30T05:23:49.000Z	2019-09-30T05:23:49.000Z	0
UgwJNYSjHQrXi0u3Xwh4AaABAg	はたはたぽ	"<a href=""https://www.youtube.com/watch?v=_iyCAzClmT8&amp;t=1m44s"">1:44</a><br />ひなのがねるにしかみえない"	"1:44
ひなのがねるにしかみえない"	0	2019-09-30T05:22:39.000Z	2019-09-30T05:22:39.000Z	0
Ugz06utchGmFFDi4rJ94AaABAg	N くん	こさかなぁぁぁあ	こさかなぁぁぁあ	0	2019-09-30T05:22:19.000Z	2019-09-30T05:22:19.000Z	0
UgytloxKjG-ftPL9-td4AaABAg	じぇらこ	typeCに全員推しだからほんとに神なんだよね😇<br />ひなのの可愛さにはやられた🙌	"typeCに全員推しだからほんとに神なんだよね😇
ひなのの可愛さにはやられた🙌"	1	2019-09-30T05:21:04.000Z	2019-09-30T05:21:04.000Z	0
UgxbDhF2KbMwtzpXHHZ4AaABAg	Dan	なんで毎回全タイプ買わされんだよぉ。。	なんで毎回全タイプ買わされんだよぉ。。	0	2019-09-30T05:20:38.000Z	2019-09-30T05:20:38.000Z	0
UgzlCooFpZErsOk0e5Z4AaABAg	キミラケモコ	コサカナ、ニフレルいってるやーん	コサカナ、ニフレルいってるやーん	0	2019-09-30T05:18:34.000Z	2019-09-30T05:18:34.000Z	0
UgwzM4HC8Wee6wbCUnN4AaABAg	アオコ	もうみんな可愛すぎて買うしか	もうみんな可愛すぎて買うしか	0	2019-09-30T05:18:11.000Z	2019-09-30T05:18:11.000Z	0
UgyNTRR4rUJClqy-JJp4AaABAg	tw tw	あー欲しい！！	あー欲しい！！	0	2019-09-30T05:17:46.000Z	2019-09-30T05:17:46.000Z	0
UgxKIuc7Typ4GDJhnPV4AaABAg	ZA WA	1番最後にえげつないスプリット来たwww	1番最後にえげつないスプリット来たwww	0	2019-09-30T05:15:42.000Z	2019-09-30T05:15:42.000Z	0
UgwOaY8vizd5pa3nqzN4AaABAg	風邪のヒューイ	上村さん時計バンバン笑うからやめて笑	上村さん時計バンバン笑うからやめて笑	0	2019-09-30T05:15:09.000Z	2019-09-30T05:15:09.000Z	0
Ugw3JGE2_5XwhxhOuJ54AaABAg	もも乃木欅 沼にはまりました	主食とデザートがじゃがりこであんな肌綺麗なnon-noモデル羨ましいよ	主食とデザートがじゃがりこであんな肌綺麗なnon-noモデル羨ましいよ	0	2019-09-30T05:04:47.000Z	2019-09-30T05:04:47.000Z	0
Ugxgk-1TfE3qSIgz6Kt4AaABAg	松田びむ	どうでもいいけどひなのと目覚まし時計いっしょだわ。	どうでもいいけどひなのと目覚まし時計いっしょだわ。	0	2019-09-30T05:03:32.000Z	2019-09-30T05:03:32.000Z	0
UgyTill2afWjD3fRUTJ4AaABAg	チョコミント番長	こさかなニフレル行ってる…！！	こさかなニフレル行ってる…！！	0	2019-09-30T05:01:54.000Z	2019-09-30T05:01:54.000Z	0
Ugzj7lIV--O46MI_02B4AaABAg	ケースキー	こさかな。可愛すぎ	こさかな。可愛すぎ	0	2019-09-30T05:01:33.000Z	2019-09-30T05:01:33.000Z	0
Ugys2Ikit21vpP4PK-N4AaABAg	井上真琴	みーぱんってハッピーオーラがすごい	みーぱんってハッピーオーラがすごい	0	2019-09-30T04:59:40.000Z	2019-09-30T04:59:40.000Z	0
Ugw1g-WJDhqB6UyohTd4AaABAg	ぴかた。	世界のKAWADAさんは撮影仕様に朝ごはんにクラムチャウダー作ってリンゴむくのに対しみーぱんさんはじゃがりこ2個+フロパという、、、でもそーいうありのままなとこが好きなんだよね笑	世界のKAWADAさんは撮影仕様に朝ごはんにクラムチャウダー作ってリンゴむくのに対しみーぱんさんはじゃがりこ2個+フロパという、、、でもそーいうありのままなとこが好きなんだよね笑	0	2019-09-30T04:58:24.000Z	2019-09-30T04:58:24.000Z	0
Ugz4zsMXrT240ZmJQ-Z4AaABAg	kamon Q	日陰なの♪	日陰なの♪	0	2019-09-30T04:56:56.000Z	2019-09-30T04:56:56.000Z	0
UgxM6PcfzkVQtsIOmQ94AaABAg	mu no	金ないんで他の曲はダウンロードして<br />CDはこれだけ買います<br />byみーぱん推し	"金ないんで他の曲はダウンロードして
CDはこれだけ買います
byみーぱん推し"	0	2019-09-30T04:56:31.000Z	2019-09-30T04:56:31.000Z	0
UgzkZ3zbLrj__ZkcbEB4AaABAg	世界で一番孤独なBBA	おいおい、あの、猫になっていた<br />が、聞けるのかよ！やべぇな！<br />買わなきゃ！(使命感)	"おいおい、あの、猫になっていた
が、聞けるのかよ！やべぇな！
買わなきゃ！(使命感)"	0	2019-09-30T04:56:03.000Z	2019-09-30T04:56:22.000Z	0
UgzGWpjBtAr9XKiO_Lt4AaABAg	rade June	将来的に富田さんはライブでミキシングとかするのかな？	将来的に富田さんはライブでミキシングとかするのかな？	1	2019-09-30T04:55:17.000Z	2019-09-30T04:55:17.000Z	0
Ugwk2RUyNVod2c0zCax4AaABAg	ʕ•̫͡•ʔ	ひなのもやべぇ	ひなのもやべぇ	0	2019-09-30T04:55:10.000Z	2019-09-30T04:55:10.000Z	0
Ugw7VZQRjT4_g6Rdxux4AaABAg	mm mm	みーぱんもべみほも朝ごはんパンじゃないんかい！	みーぱんもべみほも朝ごはんパンじゃないんかい！	11	2019-09-30T04:54:55.000Z	2019-09-30T04:54:55.000Z	0
UgyoqYxTOsFQ7Lhb03B4AaABAg	ʕ•̫͡•ʔ	こさかなの可愛さ大爆発！！！！	こさかなの可愛さ大爆発！！！！	3	2019-09-30T04:53:58.000Z	2019-09-30T04:53:58.000Z	0
Ugxg0a7HTCy_vD5flEp4AaABAg	パッツ師匠	ひとりだけ和室はらしくていいですねぇ	ひとりだけ和室はらしくていいですねぇ	0	2019-09-30T04:53:54.000Z	2019-09-30T04:53:54.000Z	0
UgyAO_mc5yiSshHo5l14AaABAg	r w	次の特典は日陰穴2ってことですかこれは	次の特典は日陰穴2ってことですかこれは	0	2019-09-30T04:53:04.000Z	2019-09-30T04:53:04.000Z	0
UgyaQNhnXE66F38eQTN4AaABAg	リ！	どのメンバーも当たり前にいいんだけど、個人的にtypeCが神メンバーすぎる、、	どのメンバーも当たり前にいいんだけど、個人的にtypeCが神メンバーすぎる、、	3	2019-09-30T04:50:19.000Z	2019-09-30T04:50:19.000Z	0
UgzPxSEa6MczVb1CNkt4AaABAg	ブハブハ	ひなの顔やっぱりねるに似てるな	ひなの顔やっぱりねるに似てるな	4	2019-09-30T04:49:52.000Z	2019-09-30T04:49:52.000Z	1
UgzPxSEa6MczVb1CNkt4AaABAg.9-UxDGGfTEn9-VdORwWzE1	平手友梨奈	光合成してるねのとこめっちゃ似てません？	光合成してるねのとこめっちゃ似てません？	0	2019-09-30T11:15:52.000Z	2019-09-30T11:15:52.000Z	0
Ugz99dQjVU5oUHyPKD94AaABAg	ゴキブリ	みーぱん、好きなのかもしれんけどちゃんとフローズンパーティ飲んでて偉い笑	みーぱん、好きなのかもしれんけどちゃんとフローズンパーティ飲んでて偉い笑	2	2019-09-30T04:49:31.000Z	2019-09-30T04:49:31.000Z	0
Ugw9feb4ojr2ASJZa254AaABAg	フランスパン	今回の特典も無限に見てられそう<br />楽しみだーい🍞	"今回の特典も無限に見てられそう
楽しみだーい🍞"	2	2019-09-30T04:48:30.000Z	2019-09-30T04:48:30.000Z	0
UgyDMYhBEPk0L7GxqcR4AaABAg	ゆうき	上村　光合成してるね。←うん　<br />植物たちも　←たちも⁉️	"上村　光合成してるね。←うん　
植物たちも　←たちも⁉️"	0	2019-09-30T04:48:22.000Z	2019-09-30T04:48:22.000Z	0
UgwkYpefj-p40lBieUh4AaABAg	mm mm	小坂菜緒さんの昔の写真本人から提供されたもの以外見たことないので、流出させないし特典に協力してくれる友達有能過ぎない？	小坂菜緒さんの昔の写真本人から提供されたもの以外見たことないので、流出させないし特典に協力してくれる友達有能過ぎない？	95	2019-09-30T04:47:56.000Z	2019-09-30T04:47:56.000Z	3
UgwkYpefj-p40lBieUh4AaABAg.9-Ux-7J8KAB9-VVrh3r00s	ノブニャガ	わざわざ探すな<br />暇人かよw	"わざわざ探すな
暇人かよw"	0	2019-09-30T10:01:22.000Z	2019-09-30T10:01:22.000Z	0
UgwkYpefj-p40lBieUh4AaABAg.9-Ux-7J8KAB9-VRmB6MHO1	尾芽胚	探したらありましたよ	探したらありましたよ	0	2019-09-30T09:25:39.000Z	2019-09-30T09:25:39.000Z	0
UgwkYpefj-p40lBieUh4AaABAg.9-Ux-7J8KAB9-VOUTuOURc	お寿司かねぇので	こさかながいい子だから周りの友達もいい子なんだろうなー...類友って感じで	こさかながいい子だから周りの友達もいい子なんだろうなー...類友って感じで	8	2019-09-30T08:56:53.000Z	2019-09-30T08:56:53.000Z	0
UgxxrGjcXUDNqjW2e4h4AaABAg	ルサバビ	べみほの休日がガチすぎる	べみほの休日がガチすぎる	0	2019-09-30T04:47:36.000Z	2019-09-30T04:47:36.000Z	0
UgxgdEAC1hY4eOl507B4AaABAg	ぴかた。	"<a href=""https://www.youtube.com/watch?v=_iyCAzClmT8&amp;t=1m09s"">1:09</a><br />みーぱん、主食とデザートの隣にちゃっかりフロパあるの好きよ"	"1:09
みーぱん、主食とデザートの隣にちゃっかりフロパあるの好きよ"	16	2019-09-30T04:47:34.000Z	2019-09-30T04:47:34.000Z	0
UgxJ_cb1an6ODUOtCDR4AaABAg	ぷぅ	ひなの寝起きから変化球すぎて草	ひなの寝起きから変化球すぎて草	0	2019-09-30T04:47:06.000Z	2019-09-30T04:47:06.000Z	0
UgzPjsxvFX7pevVDbP54AaABAg	フランスパン	寝起きぱんとメガふぃ可愛すぎるー♥️♥️♥️	寝起きぱんとメガふぃ可愛すぎるー♥️♥️♥️	20	2019-09-30T04:45:43.000Z	2019-09-30T04:45:43.000Z	0
UgxoB4K3M2YIgWYsyGp4AaABAg	ちゃまっ	みーぱんは朝昼晩じゃがりこなんかなw？	みーぱんは朝昼晩じゃがりこなんかなw？	1	2019-09-30T04:44:53.000Z	2019-09-30T04:44:53.000Z	0
Ugw4DQp_OeUphc3Begt4AaABAg	忍野月羽	なの全開やなあ	なの全開やなあ	0	2019-09-30T04:44:35.000Z	2019-09-30T04:44:35.000Z	0
UgwbZK2XuOBjWvE7F994AaABAg	煮竹channel	正直これが特典の中では1番やろ<br />全部買うけど	"正直これが特典の中では1番やろ
全部買うけど"	0	2019-09-30T04:43:59.000Z	2019-09-30T04:43:59.000Z	0
UgxMvYCSiRmIq3nrUJB4AaABAg	鬼天竺鼠	寝起きみーぱんのポヤポヤした顔が可愛い……ミホワタナベの歌い終わった後の笑顔も可愛い……	寝起きみーぱんのポヤポヤした顔が可愛い……ミホワタナベの歌い終わった後の笑顔も可愛い……	2	2019-09-30T04:41:21.000Z	2019-09-30T04:41:21.000Z	0
UgyN0pQC_aADJXQskIB4AaABAg	伊藤純奈	いつでもどこでも変化球…	いつでもどこでも変化球…	0	2019-09-30T04:41:07.000Z	2019-09-30T04:41:07.000Z	0
UgwHkvloFtpZ5liPGU94AaABAg	717 oranyan	こんなん見せられたら全部買っちまうじゃねーか	こんなん見せられたら全部買っちまうじゃねーか	1	2019-09-30T04:40:00.000Z	2019-09-30T04:40:00.000Z	0
UgyIARlGlVg7Gh7NZ114AaABAg	as as	歯磨きしてる時の富田が木南晴夏に見える	歯磨きしてる時の富田が木南晴夏に見える	0	2019-09-30T04:39:36.000Z	2019-09-30T04:39:36.000Z	0
UgxeOZPsbvXxR2UVGl14AaABAg	おにく	やっぱこさかなってとんでもなく可愛いんだなあ	やっぱこさかなってとんでもなく可愛いんだなあ	5	2019-09-30T04:39:15.000Z	2019-09-30T04:39:15.000Z	0
Ugz85HQjOVnQq79lpbl4AaABAg	坂道dash	ひなのだけ和式‪w	ひなのだけ和式‪w	0	2019-09-30T04:37:46.000Z	2019-09-30T04:37:46.000Z	0
Ugz2gsW7UNlzFndic8h4AaABAg	おひさまゴリラ担当	ひなのの目覚ましの切り方のクセよ	ひなのの目覚ましの切り方のクセよ	0	2019-09-30T04:36:15.000Z	2019-09-30T04:36:15.000Z	0
UgyAZb0BWOnzZzNp5ZN4AaABAg	クソババア	"<a href=""https://www.youtube.com/watch?v=_iyCAzClmT8&amp;t=1m28s"">1:28</a> ミホワタナベはカカオを知ってるのか？"	1:28 ミホワタナベはカカオを知ってるのか？	0	2019-09-30T04:35:09.000Z	2019-09-30T04:35:09.000Z	0
Ugxm-350FqJx_XEXUO94AaABAg	課長デラックスEL	もう...みんな可愛くて。	もう...みんな可愛くて。	1	2019-09-30T04:33:42.000Z	2019-09-30T04:33:42.000Z	0
UgzRJJWJ4KZkK1PTg0h4AaABAg	めいまる	みーぱんじゃがりこ主食w<br />みんなかわええです<br />買わなきゃな	"みーぱんじゃがりこ主食w
みんなかわええです
買わなきゃな"	0	2019-09-30T04:33:13.000Z	2019-09-30T04:33:13.000Z	0
UgwW8s4x0nI_TMKhemh4AaABAg	F1を引退するアロンソ先輩	やっぱまなふぃの・・・可愛さを・・・最高やな	やっぱまなふぃの・・・可愛さを・・・最高やな	9	2019-09-30T04:33:00.000Z	2019-09-30T04:33:00.000Z	0
UgxtFr1QrBqDaQZjduV4AaABAg	んた	今回も誰かのフルバージョン出るのかな	今回も誰かのフルバージョン出るのかな	0	2019-09-30T04:31:35.000Z	2019-09-30T04:31:35.000Z	0
UgyU9-6btd1tuvcONFR4AaABAg	Sexy_Marikka	ひなのの目覚ましとめるとこ笑ったんだけど俺だけ？笑	ひなのの目覚ましとめるとこ笑ったんだけど俺だけ？笑	1	2019-09-30T04:30:59.000Z	2019-09-30T04:30:59.000Z	0
UgysewxKYezqcYfvmqt4AaABAg	こうき	"<a href=""https://www.youtube.com/watch?v=_iyCAzClmT8&amp;t=0m49s"">0:49</a> なんとなくShowroom審査を思い出す。"	0:49 なんとなくShowroom審査を思い出す。	8	2019-09-30T04:30:42.000Z	2019-09-30T04:30:42.000Z	0
UgxH5lNX3hGmqMeyaE54AaABAg	なると	みーぱんの寝起きの顔可愛すぎ、、、	みーぱんの寝起きの顔可愛すぎ、、、	3	2019-09-30T04:30:31.000Z	2019-09-30T04:30:31.000Z	0
Ugyo_0I4BEwNgKyJxhl4AaABAg	もちまるこなの	全員優勝	全員優勝	1	2019-09-30T04:29:49.000Z	2019-09-30T04:29:49.000Z	0
UgziV-P8xVyejQe8vlF4AaABAg	damono DOM	こんなん全タイプ買うやんな！！！	こんなん全タイプ買うやんな！！！	0	2019-09-30T04:29:15.000Z	2019-09-30T04:29:15.000Z	0
UgxAcfbcub78RcpCV-54AaABAg	damono DOM	"<a href=""https://www.youtube.com/watch?v=_iyCAzClmT8&amp;t=1m44s"">1:44</a> ピーマンくんげんき！"	1:44 ピーマンくんげんき！	2	2019-09-30T04:28:40.000Z	2019-09-30T04:28:40.000Z	0
UgxGyUtiWWtvNnWqPJB4AaABAg	ひなた	べみほの話し方、日に日にとしちゃんになってきてる笑	べみほの話し方、日に日にとしちゃんになってきてる笑	0	2019-09-30T04:27:58.000Z	2019-09-30T04:27:58.000Z	0
Ugx-Kwx6Jd1ydwKdipd4AaABAg	こうき	"<a href=""https://www.youtube.com/watch?v=_iyCAzClmT8&amp;t=0m13s"">0:13</a> 自分達のデビュー曲を目覚ましにしてるん健気でめっちゃ可愛い"	0:13 自分達のデビュー曲を目覚ましにしてるん健気でめっちゃ可愛い	67	2019-09-30T04:27:19.000Z	2019-09-30T04:27:19.000Z	0
UgwP4f_W626tiMqxhqh4AaABAg	damono DOM	毎日の楽しみになっているやつ~🙋‍♀️	毎日の楽しみになっているやつ~🙋‍♀️	0	2019-09-30T04:26:26.000Z	2019-09-30T04:26:26.000Z	0
Ugz9ogiiPFFHh_HpdjR4AaABAg	老若男女って言えない男	日向坂ってただでさえ変人の集まりなのに、ひなのなのの変人度が群を抜いてるw	日向坂ってただでさえ変人の集まりなのに、ひなのなのの変人度が群を抜いてるw	0	2019-09-30T04:25:55.000Z	2019-09-30T04:25:55.000Z	0
UgyIME-qUxtGMWB1XkJ4AaABAg	真夜中のミッドナイト	ひなのはベッドじゃなくて敷布団なの	ひなのはベッドじゃなくて敷布団なの	0	2019-09-30T04:25:38.000Z	2019-09-30T04:25:38.000Z	0
UgwPcZiOYtOQrSPwdX94AaABAg	りこ	ひなのベッドじゃなくて敷布団なの推せる…	ひなのベッドじゃなくて敷布団なの推せる…	1	2019-09-30T04:24:12.000Z	2019-09-30T04:24:12.000Z	0
UgxEgyMSQYHjO6f2oFR4AaABAg	ke ta	小坂マジでかわいすぎて尊死。	小坂マジでかわいすぎて尊死。	1	2019-09-30T04:23:19.000Z	2019-09-30T04:23:19.000Z	0
Ugyp-FFOxMpXFusyq2h4AaABAg	T OM	みーぱん少林寺拳法いいね。<br />胴着似合ってる。	"みーぱん少林寺拳法いいね。
胴着似合ってる。"	0	2019-09-30T04:22:06.000Z	2019-09-30T04:23:01.000Z	0
UgyZt2APgrFCLVmY8jd4AaABAg	春日俊彰	富田のアラーム<br />日向愛感じる	"富田のアラーム
日向愛感じる"	0	2019-09-30T04:22:05.000Z	2019-09-30T04:22:05.000Z	0
UgzQZKow08nWGed_vFR4AaABAg	枝豆	富田鈴花<br />芸が富みすぎている	"富田鈴花
芸が富みすぎている"	3	2019-09-30T04:19:58.000Z	2019-09-30T04:19:58.000Z	0
Ugw-T1uuYh_-4JqnVTZ4AaABAg	アフロ犬	富田はやっぱり可愛いな→マナフィーも可愛いぞ→コサカナはヤッパ綺麗だわ→<br />アレ潜在的に自分ってみーぱん推し？→美穂はノーメイクでもアイドルだな→ひなのは選ばれし逸材だな<br />結論として全員最高、全タイプ買えって事ね	"富田はやっぱり可愛いな→マナフィーも可愛いぞ→コサカナはヤッパ綺麗だわ→
アレ潜在的に自分ってみーぱん推し？→美穂はノーメイクでもアイドルだな→ひなのは選ばれし逸材だな
結論として全員最高、全タイプ買えって事ね"	32	2019-09-30T04:18:42.000Z	2019-09-30T04:18:42.000Z	0
UgxKJcv5FWNfmo8kQSB4AaABAg	燃える闘魂	日向坂大好きボタン設置しました！<br />↓	"日向坂大好きボタン設置しました！
↓"	5	2019-09-30T04:18:04.000Z	2019-09-30T04:18:04.000Z	0
UgzpPY_xAkhdlj4Phbt4AaABAg	燃える闘魂	ぐるぐるピーマン君推しボタン設置しました！<br />↓	"ぐるぐるピーマン君推しボタン設置しました！
↓"	7	2019-09-30T04:17:42.000Z	2019-09-30T04:17:42.000Z	0
Ugx8-UczZAuDo9mT8-N4AaABAg	abc def	"<a href=""https://www.youtube.com/watch?v=_iyCAzClmT8&amp;t=1m56s"">1:56</a>   ひなの「あ！ラベンダーだ！」<br /><br /><a href=""https://www.youtube.com/watch?v=_iyCAzClmT8&amp;t=1m56s"">1:56</a>   ラベンダー「あ！ひなのちゃんだ！」"	"1:56   ひなの「あ！ラベンダーだ！」

1:56   ラベンダー「あ！ひなのちゃんだ！」"	217	2019-09-30T04:17:38.000Z	2019-09-30T04:17:38.000Z	2
Ugx8-UczZAuDo9mT8-N4AaABAg.9-UtXBuUOhg9-V_cIcqx6Y	最高斎藤	ほっこりするなぁ笑	ほっこりするなぁ笑	0	2019-09-30T10:42:57.000Z	2019-09-30T10:42:57.000Z	0
Ugx8-UczZAuDo9mT8-N4AaABAg.9-UtXBuUOhg9-VDXk2711n	まいやん神推し	なんか聞こえる気がします(え	なんか聞こえる気がします(え	12	2019-09-30T07:21:13.000Z	2019-09-30T07:21:13.000Z	0
UgzaIpy4C7kIH9c00uR4AaABAg	さかなかな	BGM好き	BGM好き	1	2019-09-30T04:17:36.000Z	2019-09-30T04:17:36.000Z	0
UgyfqSC0redOCj3-d3d4AaABAg	Raul Prates da Cunha Junior	🇧🇷💙🥰💝💗😻😘	🇧🇷💙🥰💝💗😻😘	0	2019-09-30T04:17:20.000Z	2019-09-30T04:17:20.000Z	0
Ugy5zonIaViZwc7yzZt4AaABAg	燃える闘魂	みーぱん推しボタン設置しました！<br />↓	"みーぱん推しボタン設置しました！
↓"	25	2019-09-30T04:17:09.000Z	2019-09-30T04:17:09.000Z	0
UgyYYC6GlhgNW3Nv4Lx4AaABAg	燃える闘魂	まなふぃボタン設置しました！<br />↓	"まなふぃボタン設置しました！
↓"	6	2019-09-30T04:16:50.000Z	2019-09-30T04:16:50.000Z	0
UgyFwV9gY7-HQ1kDpBt4AaABAg	燃える闘魂	こさかな推しボタン設置しました！<br />↓	"こさかな推しボタン設置しました！
↓"	9	2019-09-30T04:16:29.000Z	2019-09-30T04:16:29.000Z	0
UgxKiBCxq3Wo4JQ5pB94AaABAg	燃える闘魂	富田頑張ってボタン設置しました！<br />↓	"富田頑張ってボタン設置しました！
↓"	2	2019-09-30T04:16:05.000Z	2019-09-30T04:16:05.000Z	0
Ugwrnwpc4TGhbZTVS_R4AaABAg	実質本田翼	"<a href=""https://www.youtube.com/watch?v=_iyCAzClmT8&amp;t=1m05s"">1:05</a> <a href=""http://www.youtube.com/results?search_query=%23%E5%B0%8F%E5%9D%82%E8%8F%9C%E7%B7%92%E3%81%A1%E3%82%83%E3%82%93%E3%81%8C%E5%8F%AF%E6%84%9B%E3%81%99%E3%81%8E%E3%81%A6%E3%81%A4%E3%82%89%E3%81%84"">#小坂菜緒ちゃんが可愛すぎてつらい</a>"	1:05 #小坂菜緒ちゃんが可愛すぎてつらい	3	2019-09-30T04:15:14.000Z	2019-09-30T04:15:14.000Z	0
UgznuKyj6yqXhSwCy0N4AaABAg	Tatu Sagaminokuni	ひなのは光合成色素を持っているのか？	ひなのは光合成色素を持っているのか？	0	2019-09-30T04:13:51.000Z	2019-09-30T04:13:51.000Z	0
UgzP0BJ6U9dgqBDW-2R4AaABAg	てんちょこチャンネル	"<a href=""https://www.youtube.com/watch?v=_iyCAzClmT8&amp;t=1m43s"">1:43</a>  これよくやる笑"	1:43  これよくやる笑	0	2019-09-30T04:13:26.000Z	2019-09-30T04:13:26.000Z	0
UgzPMMoFYC3ZqDHP44t4AaABAg	J.U.N.	ひなのみたいな妹が欲しい人生だった	ひなのみたいな妹が欲しい人生だった	0	2019-09-30T04:12:49.000Z	2019-09-30T04:12:49.000Z	0
Ugyk__OUUiX7GXbaxed4AaABAg	やまだの部屋	"<a href=""https://www.youtube.com/watch?v=_iyCAzClmT8&amp;t=1m58s"">1:58</a> ひかげ？あ、俺らのことか。"	1:58 ひかげ？あ、俺らのことか。	1	2019-09-30T04:12:26.000Z	2019-09-30T04:58:40.000Z	0
UgwSyweJn0k4_PEflDp4AaABAg	べー浜	富田・のぶ子・鈴花とても、あ、とても可愛いでございます。<br />とみすずだけ24時間にしてください。	"富田・のぶ子・鈴花とても、あ、とても可愛いでございます。
とみすずだけ24時間にしてください。"	1	2019-09-30T04:11:57.000Z	2019-09-30T04:11:57.000Z	0
UgyMBadcEOCTwptp9eB4AaABAg	ゆきのじょう	小坂さんがちゃんと化粧してることがわかって安心したおじさんたち(すっぴん綺麗)	小坂さんがちゃんと化粧してることがわかって安心したおじさんたち(すっぴん綺麗)	2	2019-09-30T04:11:15.000Z	2019-09-30T04:11:15.000Z	0
Ugz48A14Dwspsi9416h4AaABAg	G党のKAWADA&ゆっかー推し	こさかなの寝起きバリかわええな	こさかなの寝起きバリかわええな	1	2019-09-30T04:10:56.000Z	2019-09-30T04:10:56.000Z	0
Ugzqdp-lg3o3RILohN14AaABAg	辞めてきたぜアルバイトハッハー	なのなの可愛いすぎんか？	なのなの可愛いすぎんか？	1	2019-09-30T04:09:11.000Z	2019-09-30T04:09:11.000Z	0
UgxHhgAZpIauKFfGTxZ4AaABAg	こばやす	ねるの雰囲気を真似るなの	ねるの雰囲気を真似るなの	0	2019-09-30T04:08:55.000Z	2019-09-30T04:08:55.000Z	0
UgwkC1X4NrCNspz7zlF4AaABAg	つり	"<a href=""http://www.youtube.com/results?search_query=%23%E5%B0%8F%E5%9D%82%E8%8F%9C%E7%B7%92%E3%81%8C%E5%8F%AF%E6%84%9B%E3%81%99%E3%81%8E%E3%82%8B%E4%BB%B6%E3%81%AB%E3%81%A4%E3%81%84%E3%81%A6"">#小坂菜緒が可愛すぎる件について</a>"	#小坂菜緒が可愛すぎる件について	3	2019-09-30T04:08:52.000Z	2019-09-30T04:08:52.000Z	0
Ugw5n_h5nerhqtJ3ayR4AaABAg	ハム好きだだの	これはどのフルバージョンが来ても当たりだな	これはどのフルバージョンが来ても当たりだな	1	2019-09-30T04:08:28.000Z	2019-09-30T04:08:28.000Z	0
UgwLa76CWSlh7m-rMd94AaABAg	未央奈の勢い止まらんぜ	"<a href=""https://www.youtube.com/watch?v=_iyCAzClmT8&amp;t=1m15s"">1:15</a> みーぱん、それ衣装ちゃう、道着や。"	1:15 みーぱん、それ衣装ちゃう、道着や。	46	2019-09-30T04:08:19.000Z	2019-09-30T04:08:19.000Z	0
UgyGvK3AbgeGVbxquG94AaABAg	アドゴニー。	じゃがりこが主食もごりごりの変化球でワロタ	じゃがりこが主食もごりごりの変化球でワロタ	5	2019-09-30T04:06:20.000Z	2019-09-30T04:06:20.000Z	0
UgwI2qRxZziHBIAY_AZ4AaABAg	福太郎	ひなのw<br />めざましをバシバシ叩くという暴挙なんだけど<br />一回一回のリズムや腕の上がる角度が一定で綺麗<br />さすがソーシャルマナー3級	"ひなのw
めざましをバシバシ叩くという暴挙なんだけど
一回一回のリズムや腕の上がる角度が一定で綺麗
さすがソーシャルマナー3級"	5	2019-09-30T04:05:28.000Z	2019-09-30T04:05:28.000Z	0
Ugz9NVh7UwGBy4TagSh4AaABAg	ACRO POLIS	とみすずちゃん、才能多彩すぎない？<br />色々出来るんだなぁ…<br />そして1人になったひなのが自由奔放で可愛すぎるw	"とみすずちゃん、才能多彩すぎない？
色々出来るんだなぁ…
そして1人になったひなのが自由奔放で可愛すぎるw"	0	2019-09-30T04:04:13.000Z	2019-09-30T04:06:32.000Z	0
UgzWKeuzaCOdjnufYxF4AaABAg	Aly G. J.	みーぱんみーぱんみーぱん〜	みーぱんみーぱんみーぱん〜	0	2019-09-30T04:04:01.000Z	2019-09-30T04:04:01.000Z	0
UgxlOeTq-y8OjWGuuax4AaABAg	とめ	もちろん、ひなのちゃんのフルですよね！？	もちろん、ひなのちゃんのフルですよね！？	0	2019-09-30T04:02:48.000Z	2019-09-30T04:02:48.000Z	0
UgzIuamGgvaWJZTTQkh4AaABAg	未央奈の勢い止まらんぜ	どうせメンバーの本当の部屋じゃなくて、ハウススタジオみたいなとこ借りてるんだろうなって思ってたけど、お鈴ので恐らく本当に実際の部屋で撮影してるんだなって思った。	どうせメンバーの本当の部屋じゃなくて、ハウススタジオみたいなとこ借りてるんだろうなって思ってたけど、お鈴ので恐らく本当に実際の部屋で撮影してるんだなって思った。	0	2019-09-30T04:01:52.000Z	2019-09-30T04:01:52.000Z	1
UgzIuamGgvaWJZTTQkh4AaABAg.9-UriiKKmbv9-UsTsGp4tr	福太郎	実家組が自宅で一人暮らし組がハウススタジオですかね？	実家組が自宅で一人暮らし組がハウススタジオですかね？	0	2019-09-30T04:08:27.000Z	2019-09-30T04:08:27.000Z	0
UgwToqynlu2O-N7vkCN4AaABAg	ひー	こさかな可愛すぎぃー	こさかな可愛すぎぃー	2	2019-09-30T04:01:43.000Z	2019-09-30T04:01:43.000Z	0
Ugx_o3xOpmKXLZzFiIJ4AaABAg	ふれあ	ニナちゃんクッソ可愛い	ニナちゃんクッソ可愛い	0	2019-09-30T04:01:40.000Z	2019-09-30T04:01:40.000Z	0
Ugz2AIwsHvc3us-_XFJ4AaABAg	かわださん	これは本当に自分の家なのか？？？<br />どう思う？	"これは本当に自分の家なのか？？？
どう思う？"	0	2019-09-30T04:01:12.000Z	2019-09-30T04:01:12.000Z	0
UgyUI1ZVCn9eWuP9MU14AaABAg	Beroaki	"<a href=""https://www.youtube.com/watch?v=_iyCAzClmT8&amp;t=1m42s"">1:42</a>ザコシのペットボトルのやつ思い出した"	1:42ザコシのペットボトルのやつ思い出した	25	2019-09-30T04:00:20.000Z	2019-09-30T04:00:20.000Z	1
UgyUI1ZVCn9eWuP9MU14AaABAg.9-UrYUo_gB19-VCQFPVope	イゾウ	どれ連想しとんねんww	どれ連想しとんねんww	0	2019-09-30T07:11:27.000Z	2019-09-30T07:11:27.000Z	0
UgyTcbvp3-G2Mpp1qHN4AaABAg	SAFE LIFE	休日だろうが何だろうがひなのは変わらず変化球だったかw	休日だろうが何だろうがひなのは変わらず変化球だったかw	0	2019-09-30T04:00:08.000Z	2019-09-30T04:00:08.000Z	0
UgxpPq_WgN_GKebIqm54AaABAg	まるまる	全形態即買い決定ですね	全形態即買い決定ですね	0	2019-09-30T03:59:35.000Z	2019-09-30T03:59:35.000Z	0
Ugw9RAflr2Sx2lYym9x4AaABAg	わぺー	"<a href=""https://www.youtube.com/watch?v=_iyCAzClmT8&amp;t=1m43s"">1:43</a>〜<br />変化球じゃないシーンがない"	"1:43〜
変化球じゃないシーンがない"	1	2019-09-30T03:59:05.000Z	2019-09-30T03:59:05.000Z	0
UgyBqUML7-geUrDt5cd4AaABAg	天狼星	みーぱんのなら天地拳第一？全部喰らいたいわ	みーぱんのなら天地拳第一？全部喰らいたいわ	0	2019-09-30T03:58:20.000Z	2019-09-30T03:58:20.000Z	0
UgzmKE2FUQZ-ESofWa94AaABAg	まめピヨ	今日がテストでよかった<br />早く見れた〜〜	"今日がテストでよかった
早く見れた〜〜"	0	2019-09-30T03:58:01.000Z	2019-09-30T03:58:01.000Z	0
UgwlpA0UaKv5BacJKIR4AaABAg	わぺー	富田ハイスペックすぎてやばい	富田ハイスペックすぎてやばい	0	2019-09-30T03:57:06.000Z	2019-09-30T03:57:06.000Z	0
UgwxwbKPFvTBINfRU494AaABAg	吉藤	眉毛ないべみほ怖い	眉毛ないべみほ怖い	0	2019-09-30T03:56:25.000Z	2019-09-30T03:56:25.000Z	0
UgzBVB0RkJMhqjvkWYN4AaABAg	嘘の塊新生ウヴ	可愛い過ぎるよ	可愛い過ぎるよ	0	2019-09-30T03:56:18.000Z	2019-09-30T03:56:18.000Z	0
Ugwtx9uaapMYBx8Du6J4AaABAg	ばぶ	ひなのと同じ目覚まし使ってるわーい	ひなのと同じ目覚まし使ってるわーい	0	2019-09-30T03:55:54.000Z	2019-09-30T03:55:54.000Z	0
UgwQl6WB0IylCjlnfpZ4AaABAg	シジミパン	みんなモデルハウスで撮影してると思ったら<br />実家とか自分の部屋で撮影してるメンバーもいるんですね。良いですね(ˊᗜˋ)	"みんなモデルハウスで撮影してると思ったら
実家とか自分の部屋で撮影してるメンバーもいるんですね。良いですね(ˊᗜˋ)"	4	2019-09-30T03:55:40.000Z	2019-09-30T07:30:12.000Z	0
UgxlKO5nuPXpl7AbhSR4AaABAg	太宰治	絶対、俺天王寺おったわ、おんなじ空気吸ってたんか。もー結構薄まってるかもしれんけど今からは息しない。	絶対、俺天王寺おったわ、おんなじ空気吸ってたんか。もー結構薄まってるかもしれんけど今からは息しない。	2	2019-09-30T03:54:55.000Z	2019-09-30T03:54:55.000Z	0
UgzNiP5XFYKOHZzopHN4AaABAg	96 jp	ひなのが和室で布団で寝てるって<br />なんかいいわ笑	"ひなのが和室で布団で寝てるって
なんかいいわ笑"	0	2019-09-30T03:54:20.000Z	2019-09-30T03:54:20.000Z	0
Ugy__ryE4_C1mZZlapl4AaABAg	ぴえろんぐ	まなふぃ可愛いいいいいい<br />俺の癒し	"まなふぃ可愛いいいいいい
俺の癒し"	20	2019-09-30T03:54:00.000Z	2019-09-30T03:54:00.000Z	0
UgwNgMr1J4nl8Uw4TZZ4AaABAg	ただのYouTubeリスナー	こさかなとデートというゴリゴリのパワーワードきた。好き。	こさかなとデートというゴリゴリのパワーワードきた。好き。	1	2019-09-30T03:53:52.000Z	2019-09-30T03:53:52.000Z	0
UgyvY0gUjTDVMnJypUx4AaABAg	ばりめんた	今日も誰か公開してくれるかなー？？？	今日も誰か公開してくれるかなー？？？	0	2019-09-30T03:52:41.000Z	2019-09-30T03:52:41.000Z	0
Ugxk8y5ouT9NcNyHjF14AaABAg	Children Stehage	上村まじでねるになってきた	上村まじでねるになってきた	0	2019-09-30T03:52:35.000Z	2019-09-30T03:52:35.000Z	0
UgyddwOwrH146-i4MQ14AaABAg	くるぺっこ	"<a href=""https://www.youtube.com/watch?v=_iyCAzClmT8&amp;t=0m49s"">0:49</a> 2期募集オーディションのshowroomを思い出す"	0:49 2期募集オーディションのshowroomを思い出す	6	2019-09-30T03:51:46.000Z	2019-09-30T03:51:46.000Z	3
UgyddwOwrH146-i4MQ14AaABAg.9-UqZdEy_Nh9-VDurCbu-Z	ななみ。	ショールーム審査のこさかなが<br />関ちゃんに似てた！<br />（ポイントは、審査のこさかなです！）	"ショールーム審査のこさかなが
関ちゃんに似てた！
（ポイントは、審査のこさかなです！）"	0	2019-09-30T07:24:30.000Z	2019-09-30T07:24:30.000Z	0
UgyddwOwrH146-i4MQ14AaABAg.9-UqZdEy_Nh9-VCYFARtfp	坂道好き	ちょっとえんどうさくらにてない？	ちょっとえんどうさくらにてない？	0	2019-09-30T07:12:33.000Z	2019-09-30T07:12:33.000Z	0
UgyddwOwrH146-i4MQ14AaABAg.9-UqZdEy_Nh9-UwxbYc0Di	rade June	おだななに似てると言われた初登場自撮りを思い出した	おだななに似てると言われた初登場自撮りを思い出した	0	2019-09-30T04:47:36.000Z	2019-09-30T04:47:36.000Z	0
UgzxjpYiggtgD9UEkGh4AaABAg	ーマミィー:ymammy	富田の寝床が狭すぎる気がしてジワるのだがｗ	富田の寝床が狭すぎる気がしてジワるのだがｗ	0	2019-09-30T03:51:09.000Z	2019-09-30T03:51:09.000Z	0
UgwThlUmsTfnIILxdgB4AaABAg	乃木坂にわか野郎	ひなの部屋は和室っと	ひなの部屋は和室っと	0	2019-09-30T03:50:39.000Z	2019-09-30T03:50:39.000Z	0
UgximPCb0-4VMX4cPgp4AaABAg	トランキーロあっせんなよ!	このタイプ、サイクゥー	このタイプ、サイクゥー	0	2019-09-30T03:50:02.000Z	2019-09-30T03:50:02.000Z	0
UgyTTj--nfY1FStskOl4AaABAg	3uler renaissance	"<a href=""https://www.youtube.com/watch?v=_iyCAzClmT8&amp;t=1m58s"">1:58</a> 日陰穴1"	1:58 日陰穴1	2	2019-09-30T03:49:44.000Z	2019-09-30T03:49:44.000Z	0
UgzYwt2SjfY6dWgyVl14AaABAg	まる。	こさかーーー！！	こさかーーー！！	0	2019-09-30T03:49:05.000Z	2019-09-30T03:49:05.000Z	0
UgyHNORHG37RhX7_Fel4AaABAg	panda higasino	キュンで起きる富田<br />犬を飼っている富田<br />キューンワンキュンワン	"キュンで起きる富田
犬を飼っている富田
キューンワンキュンワン"	2	2019-09-30T03:49:05.000Z	2019-09-30T03:49:05.000Z	0
UgwKlZvL3NeIl2yvB9p4AaABAg	しの	自宅なん？	自宅なん？	0	2019-09-30T03:48:47.000Z	2019-09-30T03:48:47.000Z	0
Ugwn6PZ6cCk0DFq7DJF4AaABAg	さんカルマ	べみほほんと天使やなー<br />あ、みんな天使	"べみほほんと天使やなー
あ、みんな天使"	1	2019-09-30T03:48:15.000Z	2019-09-30T03:48:15.000Z	0
Ugya0yuFW_RYz1UQs3B4AaABAg	まぐろ2	贅沢言わないから小坂菜緒の友達になりたい	贅沢言わないから小坂菜緒の友達になりたい	10	2019-09-30T03:47:46.000Z	2019-09-30T03:47:46.000Z	0
UgwqCnajzOzBRNO-l_B4AaABAg	あすらら	ここのタイプが1番気になる笑	ここのタイプが1番気になる笑	1	2019-09-30T03:46:29.000Z	2019-09-30T03:46:29.000Z	0
Ugz6lWkgUUxaa9PwYf14AaABAg	ナンス睦月	寝起きみーぱんの新婚感	寝起きみーぱんの新婚感	0	2019-09-30T03:46:20.000Z	2019-09-30T03:46:20.000Z	0
UgwEwrC3WNLE_nmYKJZ4AaABAg	フルシチョフ	キュンで起きるお鈴ほんと好き	キュンで起きるお鈴ほんと好き	2	2019-09-30T03:45:10.000Z	2019-09-30T03:45:10.000Z	0
UgzVWqxTAbbDgdliSXZ4AaABAg	ひなたざか推し	俺の朝は三輪車に乗りたいから始まります<br /><br /><br /><br /><br /><br /><br /><br /><br />どうでもいいですね	"俺の朝は三輪車に乗りたいから始まります








どうでもいいですね"	0	2019-09-30T03:45:10.000Z	2019-09-30T03:45:10.000Z	0
UgwBDJ6M4D-arhxJJMR4AaABAg	KOPの人	ひなのなの可愛いな…	ひなのなの可愛いな…	2	2019-09-30T03:44:27.000Z	2019-09-30T03:44:27.000Z	0
UgwcOkQV0fTLBY76M494AaABAg	吉村りょう	"<a href=""https://www.youtube.com/watch?v=_iyCAzClmT8&amp;t=1m25s"">1:25</a> ？？「エロいやつかと思った」"	1:25 ？？「エロいやつかと思った」	4	2019-09-30T03:44:06.000Z	2019-09-30T03:44:06.000Z	0
UgzsTYtqtn6JArXmy_l4AaABAg	Euphoria Wolf	"<a href=""https://www.youtube.com/watch?v=_iyCAzClmT8&amp;t=1m04s"">1:04</a> 毎度ブーメランしてる小坂菜緒さん"	1:04 毎度ブーメランしてる小坂菜緒さん	88	2019-09-30T03:43:59.000Z	2019-09-30T03:43:59.000Z	0
Ugz0r0rBMNNfE3q5rIh4AaABAg	もりりん大学	まなふぃすっぴんで十分可愛い❤️<br /><br /><br /><br /><br /><br />舐めたい。	"まなふぃすっぴんで十分可愛い❤️





舐めたい。"	3	2019-09-30T03:43:56.000Z	2019-09-30T03:44:22.000Z	1
Ugz0r0rBMNNfE3q5rIh4AaABAg.9-UpfNLK_Jz9-UrtPJHKIe	アドゴニー。	もりりん大学 気持ち悪りぃなぁ！！！！！！謹慎しろ！！！	もりりん大学 気持ち悪りぃなぁ！！！！！！謹慎しろ！！！	2	2019-09-30T04:03:20.000Z	2019-09-30T04:03:20.000Z	0
UgyObB6bmyb6_hRXO7l4AaABAg	いか	小魚がワニ見てた所って天王寺動物園？	小魚がワニ見てた所って天王寺動物園？	0	2019-09-30T03:42:41.000Z	2019-09-30T03:42:41.000Z	0
Ugy9e9m-CMWPoRO6lWt4AaABAg	むぎちゃ	ニナがひたすらに可愛い	ニナがひたすらに可愛い	0	2019-09-30T03:42:11.000Z	2019-09-30T03:42:11.000Z	0
UgwG1LuzcEGXF-kjtJ14AaABAg	Han	Miipan 💙	Miipan 💙	0	2019-09-30T03:41:42.000Z	2019-09-30T03:41:42.000Z	0
Ugw7QqPyJbHMDVAXUlV4AaABAg	cy Lu	富田と目覚ましの曲一緒だー<br />まぁ俺サビの方なんですけども	"富田と目覚ましの曲一緒だー
まぁ俺サビの方なんですけども"	0	2019-09-30T03:41:22.000Z	2019-09-30T03:41:22.000Z	0
UgzlSmVMXem2_bIZbuN4AaABAg	キューバのホセ大佐	"<a href=""https://www.youtube.com/watch?v=_iyCAzClmT8&amp;t=1m58s"">1:58</a><br />ひかげ…<br />日陰穴1か…"	"1:58
ひかげ…
日陰穴1か…"	2	2019-09-30T03:41:10.000Z	2019-09-30T04:50:38.000Z	2
UgzlSmVMXem2_bIZbuN4AaABAg.9-UpM-dU8nf9-UxGN1-WsS	キューバのホセ大佐	細かいなぁ〜<br />謹慎しろ！<br /><br />（教えてくださってありがとうございます。直しときます。）	"細かいなぁ〜
謹慎しろ！

（教えてくださってありがとうございます。直しときます。）"	0	2019-09-30T04:50:18.000Z	2019-09-30T04:50:18.000Z	0
UgzlSmVMXem2_bIZbuN4AaABAg.9-UpM-dU8nf9-UuHd6iUPR	Melanc	キューバのホセ大佐 <br />細かいなぁって言われるかもしれないけど、日陰穴1なんだよね	"キューバのホセ大佐 
細かいなぁって言われるかもしれないけど、日陰穴1なんだよね"	1	2019-09-30T04:24:15.000Z	2019-09-30T04:24:15.000Z	0
UgweDtfsAZlbYaF4qLB4AaABAg	ちかくまちか	"<a href=""https://www.youtube.com/watch?v=_iyCAzClmT8&amp;t=1m44s"">1:44</a> ねるちゃんに似てた。<br />ひなのなの"	"1:44 ねるちゃんに似てた。
ひなのなの"	17	2019-09-30T03:40:45.000Z	2019-09-30T03:41:02.000Z	1
UgweDtfsAZlbYaF4qLB4AaABAg.9-UpJ0EiF7P9-Upwe2i0E9	あすらら	それな	それな	1	2019-09-30T03:46:18.000Z	2019-09-30T03:46:18.000Z	0
UgwxNmRoukb6nA6Kxd14AaABAg	ちかくまちか	"<a href=""https://www.youtube.com/watch?v=_iyCAzClmT8&amp;t=0m32s"">0:32</a> 爆笑"	0:32 爆笑	0	2019-09-30T03:39:55.000Z	2019-09-30T03:39:55.000Z	0
UgwhiWjuYwrW-un38yd4AaABAg	キャラメル烏龍茶	ささみの起き抜け顔が可愛すぎる	ささみの起き抜け顔が可愛すぎる	0	2019-09-30T03:39:38.000Z	2019-09-30T03:39:38.000Z	0
UgwsP6M43scXcF5FzAl4AaABAg	アッパー	"<a href=""https://www.youtube.com/watch?v=_iyCAzClmT8&amp;t=1m31s"">1:31</a>　目が覚めると～～猫に～なっていた♪<br />ってコレまさか『猫になった芽実に高瀬愛奈が気づくまでのお話』か！！？<br />さすがにちがうか^^"	"1:31　目が覚めると～～猫に～なっていた♪
ってコレまさか『猫になった芽実に高瀬愛奈が気づくまでのお話』か！！？
さすがにちがうか^^"	46	2019-09-30T03:38:52.000Z	2019-09-30T03:38:52.000Z	0
Ugy9pY8xb71a8ZYAs5V4AaABAg	松屋	団結力とかチームワークを売りにしてるけど、個性も軒並み強い子が集まっているという事実	団結力とかチームワークを売りにしてるけど、個性も軒並み強い子が集まっているという事実	7	2019-09-30T03:37:34.000Z	2019-09-30T03:37:34.000Z	0
UgwziTNvUDzMHdOFn_B4AaABAg	panda higasino	HINAROOMで言ってたべみほの「猫になっていた」ここで解禁かー	HINAROOMで言ってたべみほの「猫になっていた」ここで解禁かー	1	2019-09-30T03:37:13.000Z	2019-09-30T03:37:13.000Z	0
Ugzk9KrlBlg9hQKWmNp4AaABAg	こすめおたく	可愛すぎてちょっとよくわからない	可愛すぎてちょっとよくわからない	1	2019-09-30T03:35:53.000Z	2019-09-30T03:35:53.000Z	0
Ugzhmt2iGF6DMxgaAQl4AaABAg	はれオナ禁	富田鈴花とアラーム音一緒でキュンはアラームでしか聞きませんありがとうございます	富田鈴花とアラーム音一緒でキュンはアラームでしか聞きませんありがとうございます	0	2019-09-30T03:35:52.000Z	2019-09-30T03:35:52.000Z	0
Ugyj-CY2M6A173eZ_uN4AaABAg	ざわ	これは全タイプ買うしかない	これは全タイプ買うしかない	0	2019-09-30T03:35:48.000Z	2019-09-30T03:35:48.000Z	0
UgxB1vupmpRMM5KyFr54AaABAg	学級委員長	結論:日向は全員寝起きから可愛すぎる。	結論:日向は全員寝起きから可愛すぎる。	292	2019-09-30T03:35:45.000Z	2019-09-30T03:35:45.000Z	0
UgxzUnQQKHL18CzTaBZ4AaABAg	ランビン	"<a href=""https://www.youtube.com/watch?v=_iyCAzClmT8&amp;t=1m09s"">1:09</a><br />みーぱんの食事糖尿まっしぐらで草"	"1:09
みーぱんの食事糖尿まっしぐらで草"	24	2019-09-30T03:35:38.000Z	2019-09-30T03:42:04.000Z	0
UgzXE4fQdUQkC0zl8wV4AaABAg	rylhw dddeg	"<a href=""https://www.youtube.com/watch?v=_iyCAzClmT8&amp;t=1m37s"">1:37</a><br /><br />作詞作曲:渡邉美穂<br />「猫になっていた」"	"1:37

作詞作曲:渡邉美穂
「猫になっていた」"	56	2019-09-30T03:35:28.000Z	2019-09-30T03:36:12.000Z	0
UgwfIH_B2CtneTQpqTF4AaABAg	こさかなっちょwithもってぃーなの.	"<a href=""http://www.youtube.com/results?search_query=%23%E5%85%A8%E3%82%BF%E3%82%A4%E3%83%97%E8%B2%B7%E3%82%8F%E3%81%96%E3%82%8B%E3%82%92%E5%BE%97%E3%81%AA%E3%81%84%E5%86%85%E5%AE%B9%E3%81%A7%E3%81%A4%E3%82%89%E3%81%84"">#全タイプ買わざるを得ない内容でつらい</a>"	#全タイプ買わざるを得ない内容でつらい	0	2019-09-30T03:35:24.000Z	2019-09-30T03:35:24.000Z	0
UgwPWyw19mIE2ODhqYB4AaABAg	ゆーりー	みんなみーぱんの握手会は気をつけなよ<br />握手しようとすると少林寺拳法使ってくるから	"みんなみーぱんの握手会は気をつけなよ
握手しようとすると少林寺拳法使ってくるから"	1	2019-09-30T03:34:34.000Z	2019-09-30T03:34:34.000Z	0
UgyMhSjXqEnxA2XG9UZ4AaABAg	pinky738	相変わらず　変化球だなw	相変わらず　変化球だなw	0	2019-09-30T03:34:16.000Z	2019-09-30T03:34:16.000Z	0
Ugw7OYHpjt05WfmOUc94AaABAg	水道橋	可愛すぎん？	可愛すぎん？	2	2019-09-30T03:33:56.000Z	2019-09-30T03:33:56.000Z	0
Ugw61EQxaDW7hBx79Yh4AaABAg	むぎちゃ	ひなのの目覚まし時計になりたい	ひなのの目覚まし時計になりたい	0	2019-09-30T03:33:44.000Z	2019-09-30T03:33:44.000Z	0
UgwUX7LSS2rDkMt_3Xd4AaABAg	The Jam	畳で寝てるのなんかいいな	畳で寝てるのなんかいいな	0	2019-09-30T03:33:35.000Z	2019-09-30T03:33:35.000Z	0
UgyDbyos117uTsStGP54AaABAg	TYO &	メンバーの休日シリーズ最高	メンバーの休日シリーズ最高	1	2019-09-30T03:33:07.000Z	2019-09-30T03:33:07.000Z	0
UgwNgzgFoYaOj6wZ7LZ4AaABAg	好きjojo	予告だけでももう面白そう	予告だけでももう面白そう	0	2019-09-30T03:32:44.000Z	2019-09-30T03:32:44.000Z	0
UgyKi4p2K3hvuL8CeD94AaABAg	若林正恭	メガふぃが可愛すぎて辛い	メガふぃが可愛すぎて辛い	19	2019-09-30T03:32:30.000Z	2019-09-30T03:32:30.000Z	0
UgxLhkChiFI7L8kBG114AaABAg	いくちゃんとにぶちゃん	みほは最近前髪分けてるけど個人的には前髪有りの方が好き～	みほは最近前髪分けてるけど個人的には前髪有りの方が好き～	2	2019-09-30T03:32:15.000Z	2019-09-30T03:32:15.000Z	0
Ugwf9WZxqme31V7NOKd4AaABAg	The Jam	大阪いる時の小坂の同級生感が凄い	大阪いる時の小坂の同級生感が凄い	1	2019-09-30T03:32:11.000Z	2019-09-30T03:32:11.000Z	0
Ugyp9NWX2-f7o12cDNx4AaABAg	いくちゃんとにぶちゃん	みーぱんのすっぴんめっちゃすき	みーぱんのすっぴんめっちゃすき	1	2019-09-30T03:31:33.000Z	2019-09-30T03:31:33.000Z	0
UgyToL1-bu5c9WqWys14AaABAg	ちゃいてぃーよ	ひなのちゅぁん	ひなのちゅぁん	0	2019-09-30T03:30:46.000Z	2019-09-30T03:30:46.000Z	0
Ugx0V3hbWEMuzaBiVOV4AaABAg	marika k	ひなの早くみたい楽しみ	ひなの早くみたい楽しみ	0	2019-09-30T03:29:57.000Z	2019-09-30T03:29:57.000Z	0
UgylWfHwNcVo4ZQdB9p4AaABAg	まことみやび	主食じゃがりこて笑	主食じゃがりこて笑	0	2019-09-30T03:29:34.000Z	2019-09-30T03:29:34.000Z	0
UgxztefUrvtvv6yePqx4AaABAg	kitotetomono	最高最高最高！！	最高最高最高！！	0	2019-09-30T03:29:30.000Z	2019-09-30T03:29:30.000Z	0
UgzRWMA6gMcLFf0RXA54AaABAg	やまだこ	"<a href=""https://www.youtube.com/watch?v=_iyCAzClmT8&amp;t=1m32s"">1:32</a> カスキンのプロポーズを観る美穂"	1:32 カスキンのプロポーズを観る美穂	27	2019-09-30T03:28:31.000Z	2019-09-30T03:28:31.000Z	2
UgzRWMA6gMcLFf0RXA54AaABAg.9-UnuQJjA8p9-Ux2wLhY79	やまだこ	あざらし 北海の魔獣 <br />サンキューなー	"あざらし 北海の魔獣 
サンキューなー"	0	2019-09-30T04:48:28.000Z	2019-09-30T04:48:28.000Z	0
UgzRWMA6gMcLFf0RXA54AaABAg.9-UnuQJjA8p9-UwXiae2Tm	あざらし 北海の魔獣	やまだこ <br />誰がyoutuberだよ	"やまだこ 
誰がyoutuberだよ"	4	2019-09-30T04:43:55.000Z	2019-09-30T04:43:55.000Z	0
Ugxw2FZ0vIgtL-1y_hJ4AaABAg	なかいちひろ	こさかながハルカスとニフレルにいる、、だと、、？	こさかながハルカスとニフレルにいる、、だと、、？	0	2019-09-30T03:28:27.000Z	2019-09-30T03:28:27.000Z	0
UgxeHNk1vOwOwVU2OaJ4AaABAg	チョコミント	ニヤニヤしながら見てる俺気持ち悪すぎww	ニヤニヤしながら見てる俺気持ち悪すぎww	0	2019-09-30T03:28:20.000Z	2019-09-30T03:28:20.000Z	0
UgwjnejH1DR9Oqyj2cd4AaABAg	口にゲロを含んだ志田	こさかなを俺の愛で包みたい	こさかなを俺の愛で包みたい	0	2019-09-30T03:28:06.000Z	2019-09-30T03:28:06.000Z	0
UgzR8NA7c_vciTECwjB4AaABAg	エクスカリバー	べみほの作曲した歌ってがな推しでめみの書いた小説のリスペクトかな？？	べみほの作曲した歌ってがな推しでめみの書いた小説のリスペクトかな？？	6	2019-09-30T03:28:01.000Z	2019-09-30T03:28:01.000Z	0
Ugy5sxD-q9pBf9GftgZ4AaABAg	21 TNB	"<a href=""https://www.youtube.com/watch?v=_iyCAzClmT8&amp;t=1m43s"">1:43</a>"	1:43	1	2019-09-30T03:27:57.000Z	2019-09-30T03:27:57.000Z	0
UgyBDQ3Y2J1bhCawKB94AaABAg	ゆう	"<a href=""https://www.youtube.com/watch?v=_iyCAzClmT8&amp;t=0m49s"">0:49</a>  天使の目覚め👼👼👼"	0:49  天使の目覚め👼👼👼	2	2019-09-30T03:27:42.000Z	2019-09-30T03:28:12.000Z	0
UgxxxxzEJsfSyacZv6N4AaABAg	Memi Manafi	omgg i like type C	omgg i like type C	1	2019-09-30T03:27:32.000Z	2019-09-30T03:27:32.000Z	0
Ugy-8yFEvCOE_YDCheR4AaABAg	マチャニー大好き	この特典映像のために全部買います（）	この特典映像のために全部買います（）	2	2019-09-30T03:27:26.000Z	2019-09-30T03:27:26.000Z	0
Ugyq5wRIqVaJwN9kDLt4AaABAg	なのなの!	まってひなのなの可愛すぎる<br /><br />ひかげ！ってなにそれ可愛い好き！	"まってひなのなの可愛すぎる

ひかげ！ってなにそれ可愛い好き！"	4	2019-09-30T03:26:48.000Z	2019-09-30T03:26:48.000Z	0
Ugwo_kFMgSKUV1t4C3F4AaABAg	すぴよ	このひなのねる感強くね？<br />ねるに似てるって言われてるの今までよく分かんなかったけどこれ見て初めて似てると思った。	"このひなのねる感強くね？
ねるに似てるって言われてるの今までよく分かんなかったけどこれ見て初めて似てると思った。"	4	2019-09-30T03:26:30.000Z	2019-09-30T03:26:30.000Z	3
Ugwo_kFMgSKUV1t4C3F4AaABAg.9-UnfapL8949-Uty1v3nqH	Aly G. J.	@すぴよ 別にいいですよ〜www<br />ただシンプルにひなのはひなのとして見てほしいっていうか誰が言ってんだよって言われるかもしれませんけど彼女は第二のねるじゃなくて上村ひなのとして頑張ってるんですから<br /><br />うざくてすみません🙇	"@すぴよ 別にいいですよ〜www
ただシンプルにひなのはひなのとして見てほしいっていうか誰が言ってんだよって言われるかもしれませんけど彼女は第二のねるじゃなくて上村ひなのとして頑張ってるんですから

うざくてすみません🙇"	0	2019-09-30T04:21:26.000Z	2019-09-30T04:21:26.000Z	0
Ugwo_kFMgSKUV1t4C3F4AaABAg.9-UnfapL8949-Usu_B5ySb	すぴよ	"Aly G. J. <a href=""https://www.youtube.com/watch?v=_iyCAzClmT8&amp;t=1m49s"">1:49</a>~<a href=""https://www.youtube.com/watch?v=_iyCAzClmT8&amp;t=1m57s"">1:57</a>辺り凄く似てると思った<br />不快だったならごめんね。"	"Aly G. J. 1:49~1:57辺り凄く似てると思った
不快だったならごめんね。"	1	2019-09-30T04:12:14.000Z	2019-09-30T04:12:14.000Z	0
Ugwo_kFMgSKUV1t4C3F4AaABAg.9-UnfapL8949-Urnq1NEe3	Aly G. J.	え？今ですか？<br /><br />今はキャラが立ってて全然似なくなったと思ってんですけど	"え？今ですか？

今はキャラが立ってて全然似なくなったと思ってんですけど"	0	2019-09-30T04:02:34.000Z	2019-09-30T04:02:34.000Z	0
UgwIVgjgHT6iY125W6l4AaABAg	H.I 。	全ての作品においての編集の仕方が好きだわ	全ての作品においての編集の仕方が好きだわ	0	2019-09-30T03:25:48.000Z	2019-09-30T03:25:48.000Z	0
UgzkkGW0NRPsu83nfQ14AaABAg	涅、	今のところ井口だけがマジの休日やな	今のところ井口だけがマジの休日やな	0	2019-09-30T03:25:46.000Z	2019-09-30T03:25:46.000Z	0
UgxllybUKAh4RGBmjI94AaABAg	maru nanase	今日は誰をフルで見られるんですか？？	今日は誰をフルで見られるんですか？？	0	2019-09-30T03:25:21.000Z	2019-09-30T03:25:21.000Z	0
Ugy25ED00ZPcZxQE4z14AaABAg	sakura taengoo	Sasaki mirei i dont understand a thing but i love you so much you&#39;re so cute	Sasaki mirei i dont understand a thing but i love you so much you're so cute	1	2019-09-30T03:25:04.000Z	2019-09-30T03:25:04.000Z	0
Ugymwkah556o1qyc9TR4AaABAg	渡辺か	"<a href=""http://www.youtube.com/results?search_query=%23%E5%8F%AF%E6%84%9B%E3%81%99%E3%81%8E%E3%81%A6%E8%BE%9B%E3%81%84"">#可愛すぎて辛い</a>"	#可愛すぎて辛い	2	2019-09-30T03:24:31.000Z	2019-09-30T03:24:31.000Z	0
UgzUDDR5gAFxeaUZICZ4AaABAg	カキハルカサンオシ	ひなのなの優勝	ひなのなの優勝	0	2019-09-30T03:24:23.000Z	2019-09-30T03:24:23.000Z	0
UgyKR1uQqRO8TxlhtNR4AaABAg	水戸洋平	べみほさんほんと太ったよなぁ<br />もうデブやん	"べみほさんほんと太ったよなぁ
もうデブやん"	0	2019-09-30T03:23:50.000Z	2019-09-30T03:23:50.000Z	0
UgyMS858FEP6_dNZv2N4AaABAg	なのぺー	ひなのちゃんしか！ひかげっ！	ひなのちゃんしか！ひかげっ！	0	2019-09-30T03:23:42.000Z	2019-09-30T03:23:42.000Z	0
UgzUFJEb_QoY0vmQzn14AaABAg	パンダざっくり	まなふぃかわいい🤦🏻‍♀️	まなふぃかわいい🤦🏻‍♀️	17	2019-09-30T03:23:37.000Z	2019-09-30T03:23:37.000Z	0
UgyrIEn0M_OA-JncVpd4AaABAg	ゆーしゃん	"<a href=""https://www.youtube.com/watch?v=_iyCAzClmT8&amp;t=0m36s"">0:36</a> ウチの推しが可笑しくなりましたがアホみたいに可愛いです。"	0:36 ウチの推しが可笑しくなりましたがアホみたいに可愛いです。	80	2019-09-30T03:23:19.000Z	2019-09-30T03:23:19.000Z	0
Ugxxw7C0JCSyajD-9Pp4AaABAg	あんぱん、しょくぱん、みーぱん	みーぱんと一緒にじゃがりこ食べたい🥰<br />俺はオーソドックスに野菜だな🥬	"みーぱんと一緒にじゃがりこ食べたい🥰
俺はオーソドックスに野菜だな🥬"	0	2019-09-30T03:23:14.000Z	2019-09-30T03:23:30.000Z	0
UgwOFBnTvzIeKG41Quh4AaABAg	Kohei Mizuguchi	"<a href=""https://www.youtube.com/watch?v=_iyCAzClmT8&amp;t=1m04s"">1:04</a> 特大ブーメラン"	1:04 特大ブーメラン	2	2019-09-30T03:23:07.000Z	2019-09-30T03:23:07.000Z	0
UgzbtN0UcJWa-XSobxB4AaABAg	tsuba tsuba	ひなのさん可愛いすぎんか？	ひなのさん可愛いすぎんか？	0	2019-09-30T03:22:59.000Z	2019-09-30T03:22:59.000Z	0
Ugx1maXBXibb0-XJDlV4AaABAg	Hikki Hikki	小坂の関西弁にキュン	小坂の関西弁にキュン	3	2019-09-30T03:22:35.000Z	2019-09-30T03:22:35.000Z	0
UgxnCIt9X0SsVgK0a0h4AaABAg	Curry Jr	ひかげっ！	ひかげっ！	0	2019-09-30T03:22:23.000Z	2019-09-30T03:22:23.000Z	0
UgxF-WrVw_a_AEvrVQ14AaABAg	畠添友寛	"<a href=""http://www.youtube.com/results?search_query=%23%E5%8F%AF%E6%84%9B%E3%81%99%E3%81%8E%E3%81%A6%E8%BE%9B%E3%81%84"">#可愛すぎて辛い</a>"	#可愛すぎて辛い	1	2019-09-30T03:22:02.000Z	2019-09-30T03:22:02.000Z	0
UgyIBI2ejbdmJulW19Z4AaABAg	ケツシコ	上村ひかげ	上村ひかげ	0	2019-09-30T03:20:56.000Z	2019-09-30T03:20:56.000Z	0
Ugxropos0Sx0-gJGodp4AaABAg	向井	ベッドじゃなくて敷布団なのがなんかいい。	ベッドじゃなくて敷布団なのがなんかいい。	0	2019-09-30T03:20:27.000Z	2019-09-30T03:20:27.000Z	0
UgwFJ0UFROwvT3GEiht4AaABAg	さかなにすた	みーんなレベチ	みーんなレベチ	0	2019-09-30T03:20:23.000Z	2019-09-30T03:20:23.000Z	0
Ugz7718V2PxfZEk2eoV4AaABAg	かつきんぐ	すずかの能力発揮を楽しみにしてる<br />こさかなはニフレルかなどこやっけあれ	"すずかの能力発揮を楽しみにしてる
こさかなはニフレルかなどこやっけあれ"	1	2019-09-30T03:20:23.000Z	2019-09-30T03:20:23.000Z	0
UgxKZnO3gCc8oCRUefZ4AaABAg	坂道で会いましょう	このひなのめっちゃねるに見える	このひなのめっちゃねるに見える	4	2019-09-30T03:20:08.000Z	2019-09-30T03:20:08.000Z	0
UgzphtfCVlBzTW-Jw4d4AaABAg	格闘技と坂道好き	少林寺拳法だと！？！？自分もやってるから激アツすぎる！！！	少林寺拳法だと！？！？自分もやってるから激アツすぎる！！！	0	2019-09-30T03:19:41.000Z	2019-09-30T03:19:41.000Z	0
UgwIcbOkZC_rw6tqKap4AaABAg	大きな小人	ひなのの休日めっちゃ楽しみ	ひなのの休日めっちゃ楽しみ	0	2019-09-30T03:19:32.000Z	2019-09-30T03:19:32.000Z	0
UgxPwn61P42I7D6V5IR4AaABAg	t t	えー富田と同じアラーム音だ😘	えー富田と同じアラーム音だ😘	0	2019-09-30T03:19:10.000Z	2019-09-30T03:19:10.000Z	0
UgwfAG5MSzAevTqPSqt4AaABAg	kakio	"<a href=""https://www.youtube.com/watch?v=_iyCAzClmT8&amp;t=1m44s"">1:44</a> もう長濱ねるやん"	1:44 もう長濱ねるやん	4	2019-09-30T03:19:04.000Z	2019-09-30T03:19:04.000Z	2
UgwfAG5MSzAevTqPSqt4AaABAg.9-Ump8pXRMN9-VDRGYiCG4	よだれ	元素記号は覚えたから今度は円周率でお願いしたい(?)	元素記号は覚えたから今度は円周率でお願いしたい(?)	1	2019-09-30T07:20:20.000Z	2019-09-30T07:20:20.000Z	0
UgwfAG5MSzAevTqPSqt4AaABAg.9-Ump8pXRMN9-VDPZZBa0g	キリマンジャロ由依	気になってみたらほんとにながるに似てる。長濱ねるの再来	気になってみたらほんとにながるに似てる。長濱ねるの再来	0	2019-09-30T07:20:06.000Z	2019-09-30T07:20:06.000Z	0
UgzPxOjztU-_cw3n8OJ4AaABAg	テンアキト	ひなのちゃんわかってるねw	ひなのちゃんわかってるねw	0	2019-09-30T03:18:44.000Z	2019-09-30T03:18:44.000Z	0
UgxJZkFlm57s5G5xjmV4AaABAg	ポンコツキャップ	目が覚めると〜<br />猫になっていたっ🎶可愛いかよ…	"目が覚めると〜
猫になっていたっ🎶可愛いかよ…"	1	2019-09-30T03:18:13.000Z	2019-09-30T03:18:13.000Z	0
UgzqUwsBBhR2W8_9oU94AaABAg	Audrey Hepburn	"<a href=""https://www.youtube.com/watch?v=_iyCAzClmT8&amp;t=1m43s"">1:43</a> アラームのあとのクラップはなんなんだ･･･"	1:43 アラームのあとのクラップはなんなんだ･･･	105	2019-09-30T03:18:13.000Z	2019-09-30T03:18:13.000Z	2
UgzqUwsBBhR2W8_9oU94AaABAg.9-Umiu8OTb09-V1W9KQ8-F	Gg Dg	@慧 なるほど	@慧 なるほど	0	2019-09-30T05:36:08.000Z	2019-09-30T05:36:08.000Z	0
UgzqUwsBBhR2W8_9oU94AaABAg.9-Umiu8OTb09-UroaVDcq-	慧	たぶん「スタート」の🎬	たぶん「スタート」の🎬	7	2019-09-30T04:02:40.000Z	2019-09-30T04:02:40.000Z	0
Ugy9kJ858iqsuDSb_d54AaABAg	Bad 007	ひなののアラームの止め方www	ひなののアラームの止め方www	1	2019-09-30T03:18:11.000Z	2019-09-30T03:18:11.000Z	0
UgzevnOP8JYfNFlj9i14AaABAg	むーなな	少林寺やってたワイ歓喜	少林寺やってたワイ歓喜	0	2019-09-30T03:17:23.000Z	2019-09-30T03:17:23.000Z	0
UgxQ9Dzsxv5lmf2ccP94AaABAg	野原正徳.	ひなのの部屋の情報量の少なさが、ミステリアスさに拍車をかけている	ひなのの部屋の情報量の少なさが、ミステリアスさに拍車をかけている	0	2019-09-30T03:17:22.000Z	2019-09-30T03:17:22.000Z	0
UgyxKPaZeHnSFyplMUh4AaABAg	THE PROCESS	神かよ	神かよ	0	2019-09-30T03:17:10.000Z	2019-09-30T03:17:10.000Z	0
UgwN4SMeua2kaRh26zd4AaABAg	Jose Arce	&lt;3	<3	0	2019-09-30T03:16:57.000Z	2019-09-30T03:16:57.000Z	0
Ugwm6Jqc0yi3Dj5Rh7d4AaABAg	ヌルッ斗	"<a href=""https://www.youtube.com/watch?v=_iyCAzClmT8&amp;t=0m36s"">0:36</a> 正直めっちゃいいです"	0:36 正直めっちゃいいです	292	2019-09-30T03:16:22.000Z	2019-09-30T03:16:22.000Z	0
Ugw8y3ieZ_KWP3tmNql4AaABAg	ジンジャーたかし	ひなのちゃん、ねるみが強すぎる、	ひなのちゃん、ねるみが強すぎる、	3	2019-09-30T03:15:44.000Z	2019-09-30T03:15:44.000Z	0
Ugx4LzChDxifCQ2OMWZ4AaABAg	野原正徳.	4thシングル特典映像「日向坂ガチンコ格闘王決定戦！にぶちゃんVSみーぱん」	4thシングル特典映像「日向坂ガチンコ格闘王決定戦！にぶちゃんVSみーぱん」	0	2019-09-30T03:14:45.000Z	2019-09-30T03:14:45.000Z	0
Ugxv4v-7-E_Plf9wBu54AaABAg	たまごろうチャンネル	"<a href=""https://www.youtube.com/watch?v=_iyCAzClmT8&amp;t=1m05s"">1:05</a> 特大ブーメラン"	1:05 特大ブーメラン	3	2019-09-30T03:14:39.000Z	2019-09-30T03:14:39.000Z	0
UgxoftKtMtFN3aFohMh4AaABAg	Q R	アラーム俺と一緒で草	アラーム俺と一緒で草	0	2019-09-30T03:14:37.000Z	2019-09-30T03:14:37.000Z	0
UgyY0lzeaqiBBMU2yg54AaABAg	雪丸さん	ひなのの目覚ましバンバンバン	ひなのの目覚ましバンバンバン	0	2019-09-30T03:14:37.000Z	2019-09-30T03:14:37.000Z	0
Ugz26tw5ZqzpTyIJ5ql4AaABAg	地球	目覚ましがキュンとか可愛すぎな	目覚ましがキュンとか可愛すぎな	6	2019-09-30T03:14:23.000Z	2019-09-30T03:14:23.000Z	0
UgwxywpuLY3J8ykVR_14AaABAg	夏野そら	こんなに好きになっちゃっていいんすか	こんなに好きになっちゃっていいんすか	0	2019-09-30T03:14:21.000Z	2019-09-30T03:14:21.000Z	0
UgxmDWgnxMorA_MIY3F4AaABAg	暑い寒い	誰のがフルで見れるのか…<br />ひなのかな？？	"誰のがフルで見れるのか…
ひなのかな？？"	0	2019-09-30T03:14:10.000Z	2019-09-30T03:14:10.000Z	0
Ugx254UZlOGwOBP1k7N4AaABAg	ヌルッ斗	こさかなの関西弁可愛すぎ問題	こさかなの関西弁可愛すぎ問題	5	2019-09-30T03:13:39.000Z	2019-09-30T03:13:39.000Z	0
UgwVxsp3YpNPLVzIudd4AaABAg	はとぽっぽ	"<a href=""https://www.youtube.com/watch?v=_iyCAzClmT8&amp;t=1m57s"">1:57</a> ひかげっ！！<br /><br />かわいい"	"1:57 ひかげっ！！

かわいい"	42	2019-09-30T03:13:33.000Z	2019-09-30T03:13:33.000Z	1
UgwVxsp3YpNPLVzIudd4AaABAg.9-UmBp4v9Ao9-Uudm_-Jd7	冷水と温水のあいだ	日陰穴1だな	日陰穴1だな	5	2019-09-30T04:27:25.000Z	2019-09-30T04:27:25.000Z	0
UgzUJoxZy8gEFDO1H714AaABAg	アカツノチリ毛虫	ひなのは日陰穴知ってるのか🤔	ひなのは日陰穴知ってるのか🤔	0	2019-09-30T03:13:30.000Z	2019-09-30T03:13:30.000Z	0
UgyWAnWvuPA-xxct0KB4AaABAg	さんぷー	和室なの	和室なの	0	2019-09-30T03:13:01.000Z	2019-09-30T03:13:01.000Z	0
UgwaZenTfh8zA38LmPB4AaABAg	美しい月が好き	"<a href=""https://www.youtube.com/watch?v=_iyCAzClmT8&amp;t=1m06s"">1:06</a><br />可愛すぎて辛いのは僕たちですww"	"1:06
可愛すぎて辛いのは僕たちですww"	79	2019-09-30T03:12:41.000Z	2019-09-30T03:12:41.000Z	0
Ugx7AyiyA4IXqSSS-3d4AaABAg	チャッキーo	素顔顔面偏差値最高峰	素顔顔面偏差値最高峰	0	2019-09-30T03:12:35.000Z	2019-09-30T03:12:35.000Z	0
UgxXmUPNQ6zIXHcPAhx4AaABAg	ににたま	こさかな信じられないくらいかわいい	こさかな信じられないくらいかわいい	18	2019-09-30T03:12:19.000Z	2019-09-30T03:12:19.000Z	0
UgxADJM7FBGBNpIQN894AaABAg	ganagana	ひなのの起き方の癖が強いw	ひなのの起き方の癖が強いw	0	2019-09-30T03:12:15.000Z	2019-09-30T03:12:15.000Z	0
Ugzbsw-OFoYbw4EuVIt4AaABAg	やすまるさん	じゃがりこ主食にするみーぱん	じゃがりこ主食にするみーぱん	0	2019-09-30T03:12:12.000Z	2019-09-30T03:12:12.000Z	0
Ugw4KF_zxblRJ3yJI_J4AaABAg	やべし	"<a href=""https://www.youtube.com/watch?v=_iyCAzClmT8&amp;t=1m52s"">1:52</a><br />ひなのの幸せだ〜って言葉でこっちまで幸せな気持ちになるわー笑"	"1:52
ひなのの幸せだ〜って言葉でこっちまで幸せな気持ちになるわー笑"	150	2019-09-30T03:12:07.000Z	2019-09-30T03:49:39.000Z	0
UgxQKTY51QHFVNB3oJ14AaABAg	ヌルッ斗	ひなの寝起きから変化球かよw	ひなの寝起きから変化球かよw	0	2019-09-30T03:11:57.000Z	2019-09-30T03:11:57.000Z	0
UgzW6JFLFJvOBDSOEFB4AaABAg	100万馬力ごっしー	安定のこさかな最高なんすけど主食をじゃがりこにしてるみーぱんすこ。	安定のこさかな最高なんすけど主食をじゃがりこにしてるみーぱんすこ。	28	2019-09-30T03:11:54.000Z	2019-09-30T03:11:54.000Z	0
Ugx_tqFQ24WQf0UKob94AaABAg	轍[wadachi]	ハルカスデートか？	ハルカスデートか？	0	2019-09-30T03:11:39.000Z	2019-09-30T03:11:39.000Z	0
UgwoVMvPJfN5rUET1RZ4AaABAg	大将くん	光合成してるね植物たちも           も？	光合成してるね植物たちも           も？	0	2019-09-30T03:11:33.000Z	2019-09-30T03:11:33.000Z	0
Ugyq5KsUCp7G393A8hp4AaABAg	ハイパートランセル	めがね似合い度測定器とか忖度してきそう感が凄い。	めがね似合い度測定器とか忖度してきそう感が凄い。	33	2019-09-30T03:11:15.000Z	2019-09-30T03:11:15.000Z	1
Ugyq5KsUCp7G393A8hp4AaABAg.9-UlvwjSUNu9-Uwk7rde20	rade June	コロ監督が遠隔操作してるかもしれん	コロ監督が遠隔操作してるかもしれん	6	2019-09-30T04:45:45.000Z	2019-09-30T04:45:45.000Z	0
Ugw-sZQBDejrOekfw1R4AaABAg	たくくあかた	ひなの破壊力やばいなw  完全に妖精やん。	ひなの破壊力やばいなw  完全に妖精やん。	0	2019-09-30T03:11:09.000Z	2019-09-30T03:11:09.000Z	0
UgynOvdIQU_ftHjMdLF4AaABAg	yuki Y	渡邉は何見て泣いてんだ？w	渡邉は何見て泣いてんだ？w	1	2019-09-30T03:10:48.000Z	2019-09-30T03:10:48.000Z	0
UgyQti8YeFWDor_Zcap4AaABAg	ひらしん	個人的にはべみほ素敵やな	個人的にはべみほ素敵やな	0	2019-09-30T03:10:43.000Z	2019-09-30T03:10:43.000Z	0
UgzpXJ5xaG7gP_5jSTZ4AaABAg	ぐるた民	ひなのが布団に寝てるってだけで変化球に感じてしまう	ひなのが布団に寝てるってだけで変化球に感じてしまう	0	2019-09-30T03:10:34.000Z	2019-09-30T03:10:34.000Z	0
UgwtttPXe7ycUD4vX954AaABAg	宮村	富田の作曲見たかったから嬉しい	富田の作曲見たかったから嬉しい	7	2019-09-30T03:10:31.000Z	2019-09-30T03:10:31.000Z	1
UgwtttPXe7ycUD4vX954AaABAg.9-UlqbBwGfz9-UxDOthYD5	rade June	かなりガチなやつ	かなりガチなやつ	3	2019-09-30T04:49:53.000Z	2019-09-30T04:49:53.000Z	0
UgxrCloEJzqeexoLt8l4AaABAg	渡邉理佐	こさかな可愛いすぎて辛い	こさかな可愛いすぎて辛い	1	2019-09-30T03:10:28.000Z	2019-09-30T03:10:28.000Z	0
UgxfQj1-Oxdyo2aUfpR4AaABAg	太陽	"<a href=""https://www.youtube.com/watch?v=_iyCAzClmT8&amp;t=1m57s"">1:57</a><br />変化球"	"1:57
変化球"	3	2019-09-30T03:10:22.000Z	2019-09-30T03:10:22.000Z	0
UgwuxG1iPdTv1YXyRth4AaABAg	ちゃる。	"待って、吹いた <a href=""https://www.youtube.com/watch?v=_iyCAzClmT8&amp;t=0m36s"">0:36</a>"	待って、吹いた 0:36	66	2019-09-30T03:10:20.000Z	2019-09-30T03:10:20.000Z	0
UgwjS2WvuY4X8X3Mwmd4AaABAg	太陽	"<a href=""https://www.youtube.com/watch?v=_iyCAzClmT8&amp;t=1m41s"">1:41</a><br />この笑顔は反則"	"1:41
この笑顔は反則"	176	2019-09-30T03:10:05.000Z	2019-09-30T03:10:05.000Z	1
UgwjS2WvuY4X8X3Mwmd4AaABAg.9-UlnRBkxNl9-UyDQyDf76	や むち ゃ る	太陽 <br />かっわいい…	"太陽 
かっわいい…"	5	2019-09-30T04:58:38.000Z	2019-09-30T04:58:38.000Z	0
UgzvOepuKFzwtSF5inN4AaABAg	宮村	ひなのの起き方ww可愛い	ひなのの起き方ww可愛い	9	2019-09-30T03:10:01.000Z	2019-09-30T03:10:01.000Z	0
UgxVlbJDuSBxo6VB-zh4AaABAg	nakkar	なおてゃん可愛すぎンゴ	なおてゃん可愛すぎンゴ	1	2019-09-30T03:09:52.000Z	2019-09-30T03:09:52.000Z	0
UgyAGowuHZRsit6gjwx4AaABAg	たなかまさむね	もう今日大学行かねぇわ	もう今日大学行かねぇわ	0	2019-09-30T03:09:47.000Z	2019-09-30T03:09:47.000Z	0
UgwteNQGh-045xKEMp54AaABAg	齋藤飛鳥	べみほの家オシャレ過ぎん？	べみほの家オシャレ過ぎん？	0	2019-09-30T03:09:43.000Z	2019-09-30T03:09:43.000Z	0
Ugw9J30IAxQwbjQJiAl4AaABAg	太陽	"<a href=""https://www.youtube.com/watch?v=_iyCAzClmT8&amp;t=1m04s"">1:04</a><br />全 力 で こ っ ち の セ リ フ で す"	"1:04
全 力 で こ っ ち の セ リ フ で す"	116	2019-09-30T03:09:33.000Z	2019-09-30T03:09:33.000Z	0
Ugwnd4HaI1LEtlGNDNp4AaABAg	なかちゃん	"<a href=""http://www.youtube.com/results?search_query=%23%E5%8F%AF%E6%84%9B%E3%81%99%E3%81%8E%E3%81%A6%E8%BE%9B%E3%81%84"">#可愛すぎて辛い</a>"	#可愛すぎて辛い	0	2019-09-30T03:09:25.000Z	2019-09-30T03:09:25.000Z	0
UgyXBJd91OJ9jiGfObV4AaABAg	サクラ	これってほんとの自分の家なんかな？それとも撮影のための家かな？	これってほんとの自分の家なんかな？それとも撮影のための家かな？	0	2019-09-30T03:09:22.000Z	2019-09-30T03:09:22.000Z	1
UgyXBJd91OJ9jiGfObV4AaABAg.9-Uli5EOdKo9-Uqrg86ifL	福太郎	さすがにハウススタジオだと思いますが、私物とかは持ち込んでいるんじゃないですかね？<br />※ハウススタジオが持ち込みOKなのかは知りませんが	"さすがにハウススタジオだと思いますが、私物とかは持ち込んでいるんじゃないですかね？
※ハウススタジオが持ち込みOKなのかは知りませんが"	0	2019-09-30T03:54:21.000Z	2019-09-30T03:54:21.000Z	0
Ugx8iIECYOfL7PZxSR14AaABAg	Blue Sky	10日間限定は誰かな？	10日間限定は誰かな？	0	2019-09-30T03:09:11.000Z	2019-09-30T03:09:11.000Z	0
UgwyOMPB0Vq356OUiDR4AaABAg	照美メイ	増税前の癒し	増税前の癒し	4	2019-09-30T03:08:21.000Z	2019-09-30T03:08:21.000Z	0
Ugyvx5Grz_biBEKM4ml4AaABAg	だいきそ	こさかなすっぴんがレベチすぎる<br />ひなのはアラームの止め方に親近感w	"こさかなすっぴんがレベチすぎる
ひなのはアラームの止め方に親近感w"	10	2019-09-30T03:08:19.000Z	2019-09-30T03:08:19.000Z	0
UgxuskhfvfFY0GPgMqB4AaABAg	坂道ヲタク 坂道ヲタク	こしゃの可愛さが限界突破しずてて森<br />いつも以上に可愛くない？	"こしゃの可愛さが限界突破しずてて森
いつも以上に可愛くない？"	86	2019-09-30T03:08:18.000Z	2019-09-30T03:08:18.000Z	0
Ugycm4jyVK66lhT43KF4AaABAg	太陽	みーぱんは笑顔が花みたいにふんわりしてて<br />可愛いし<br />パリピちゃんは何気にハイスペだし努力してる<br />まなふぃはもうめちゃくちゃ優しくてまなふぃだし<br />べみほはさわやかな可愛い感じが、風みたいな<br />心地よさがあって日向って感じするし<br />こさかなはもう美しいのに可愛い逸材で、<br />陰ながら努力してるのが伝わるし<br />ひなのなのは最年少なのにすごい<br />魅力を持ってて、何か惹き込まれる<br />要素を感じる<br /><br /><br /><br /><br /><br />おひさまになってよかった	"みーぱんは笑顔が花みたいにふんわりしてて
可愛いし
パリピちゃんは何気にハイスペだし努力してる
まなふぃはもうめちゃくちゃ優しくてまなふぃだし
べみほはさわやかな可愛い感じが、風みたいな
心地よさがあって日向って感じするし
こさかなはもう美しいのに可愛い逸材で、
陰ながら努力してるのが伝わるし
ひなのなのは最年少なのにすごい
魅力を持ってて、何か惹き込まれる
要素を感じる





おひさまになってよかった"	51	2019-09-30T03:08:13.000Z	2019-09-30T03:08:13.000Z	0
UgzQlflG_Dw6fA2MciZ4AaABAg	かきぴー	今日は誰がフルで公開されるか予想します<br /><br /><br /><br /><br />ミホワタナベ	"今日は誰がフルで公開されるか予想します




ミホワタナベ"	10	2019-09-30T03:08:04.000Z	2019-09-30T03:08:04.000Z	3
UgzQlflG_Dw6fA2MciZ4AaABAg.9-UlZf14l769-UnkbY-dE_	口にゲロを含んだ志田	こさかなで確定だよ	こさかなで確定だよ	1	2019-09-30T03:27:11.000Z	2019-09-30T03:27:11.000Z	0
UgzQlflG_Dw6fA2MciZ4AaABAg.9-UlZf14l769-UnaUIn6Tn	高校生のお絵かき	こさかな！	こさかな！	1	2019-09-30T03:25:48.000Z	2019-09-30T03:25:48.000Z	0
UgzQlflG_Dw6fA2MciZ4AaABAg.9-UlZf14l769-Um9ocaiQ3	あま〜い〜	ひなの！	ひなの！	3	2019-09-30T03:13:17.000Z	2019-09-30T03:13:17.000Z	0
UgxmPgea-12Fd1XIT1l4AaABAg	ゴン	小坂推しだから小坂見たいけど、唯一布団で寝てるひなのに魅力感じたのでひなの公開してください！！！！！	小坂推しだから小坂見たいけど、唯一布団で寝てるひなのに魅力感じたのでひなの公開してください！！！！！	0	2019-09-30T03:08:01.000Z	2019-09-30T03:08:01.000Z	0
Ugxq2OhCDEKQyO6iojd4AaABAg	オレいちご	ひなののサイコパス具合が好き	ひなののサイコパス具合が好き	38	2019-09-30T03:07:58.000Z	2019-09-30T03:07:58.000Z	0
UgyfcGJRA3RMjhF2I5t4AaABAg	あー。	"<a href=""https://www.youtube.com/watch?v=_iyCAzClmT8&amp;t=1m05s"">1:05</a> 特大ブーメラン"	1:05 特大ブーメラン	39	2019-09-30T03:07:50.000Z	2019-09-30T03:07:50.000Z	0
UgzTSsYLsUPS4iGq3Sp4AaABAg	Y・ l	すーじーはほんといろんなことやってんねー	すーじーはほんといろんなことやってんねー	0	2019-09-30T03:07:48.000Z	2019-09-30T03:07:48.000Z	0
UgzvrlRVk4OpDwlo3Dl4AaABAg	folksspecial	まなふぃってノーメイクのほうが良くね？<br />ってかノーメイクみんな可愛くね？<br />日向坂って嫌いなメンバー居なくね？<br />全タイプ買ったほうが絶対良くね？<br />ってか、それがおひさまの義務じゃね？	"まなふぃってノーメイクのほうが良くね？
ってかノーメイクみんな可愛くね？
日向坂って嫌いなメンバー居なくね？
全タイプ買ったほうが絶対良くね？
ってか、それがおひさまの義務じゃね？"	351	2019-09-30T03:07:47.000Z	2019-09-30T03:07:47.000Z	11
UgzvrlRVk4OpDwlo3Dl4AaABAg.9-UlX_12lrh9-VfQYUHWik	徒然なり	まなふぃのノーメイクがほぼ初期の顔ですこ	まなふぃのノーメイクがほぼ初期の顔ですこ	0	2019-09-30T11:33:38.000Z	2019-09-30T11:33:38.000Z	0
UgzvrlRVk4OpDwlo3Dl4AaABAg.9-UlX_12lrh9-Ve_yd7W8e	Hazama Oke	おひさま、死んでもやめんじゃねーぞ！	おひさま、死んでもやめんじゃねーぞ！	0	2019-09-30T11:26:19.000Z	2019-09-30T11:26:19.000Z	0
UgzvrlRVk4OpDwlo3Dl4AaABAg.9-UlX_12lrh9-VAHmkDciX	お寿司かねぇので	まなふぃは小動物みたいで可愛い。<br />日向坂は可愛くない子がいない...まさに末恐ろしいグループ	"まなふぃは小動物みたいで可愛い。
日向坂は可愛くない子がいない...まさに末恐ろしいグループ"	7	2019-09-30T06:52:49.000Z	2019-09-30T06:52:49.000Z	0
UgzvrlRVk4OpDwlo3Dl4AaABAg.9-UlX_12lrh9-V4KETJQSB	さいたま	全タイプ買う前に大きい画面で見たいからとりあえずエディオン行ってくる	全タイプ買う前に大きい画面で見たいからとりあえずエディオン行ってくる	1	2019-09-30T06:00:44.000Z	2019-09-30T06:00:44.000Z	0
UgzvrlRVk4OpDwlo3Dl4AaABAg.9-UlX_12lrh9-V-eMN2B9G	はむ	この流れまじで好き	この流れまじで好き	4	2019-09-30T05:19:55.000Z	2019-09-30T05:19:55.000Z	0
UgypJAgCT_WbC1_uQql4AaABAg	シャンシャン	こさかな天王寺来てたなら先言うて	こさかな天王寺来てたなら先言うて	18	2019-09-30T03:07:26.000Z	2019-09-30T03:07:26.000Z	1
UgypJAgCT_WbC1_uQql4AaABAg.9-UlUzT6lLO9-Ux1JySuCd	rade June	・・・｢言ったら変態が来ちゃう｣	・・・｢言ったら変態が来ちゃう｣	2	2019-09-30T04:48:14.000Z	2019-09-30T04:48:14.000Z	0
UgyZbubM11K5Vgyv3aV4AaABAg	びたチュウ	今日上がるならひなのなのかな	今日上がるならひなのなのかな	0	2019-09-30T03:07:24.000Z	2019-09-30T03:07:24.000Z	0
UgyeixwpZGi753eISxx4AaABAg	雲のジュウザ	いや、今までのもそうだけど、ツッコミどころ多いな！笑<br />是非オードリーにナレーターやって欲しかったなぁ<br />絶対面白さ倍増するよ！<br />運営さん、次はオードリーと絡ませたのでお願いしやすっ！	"いや、今までのもそうだけど、ツッコミどころ多いな！笑
是非オードリーにナレーターやって欲しかったなぁ
絶対面白さ倍増するよ！
運営さん、次はオードリーと絡ませたのでお願いしやすっ！"	14	2019-09-30T03:07:24.000Z	2019-09-30T03:10:28.000Z	1
UgyeixwpZGi753eISxx4AaABAg.9-UlUip0z9u9-UoVms4kJl	TKMstudio	ナレーションでツッコミしてもらてると見てるこっちも完全燃焼できますよね笑	ナレーションでツッコミしてもらてると見てるこっちも完全燃焼できますよね笑	2	2019-09-30T03:33:45.000Z	2019-09-30T03:33:45.000Z	0
UgzdFtnSTgQYkTg3U214AaABAg	ニコねじくれ	めっちゃ良いですよそれ	めっちゃ良いですよそれ	0	2019-09-30T03:07:18.000Z	2019-09-30T03:07:18.000Z	0
UgzdyvYfi2401dv1WBV4AaABAg	公益財団法人日本ホモ協会田所理事長	"<a href=""https://www.youtube.com/watch?v=_iyCAzClmT8&amp;t=1m05s"">1:05</a> 俺のキモチを代弁してくれましたね^ ^"	1:05 俺のキモチを代弁してくれましたね^ ^	10	2019-09-30T03:07:17.000Z	2019-09-30T03:07:17.000Z	2
UgzdyvYfi2401dv1WBV4AaABAg.9-UlTqWNngm9-Ur9427buq	公益財団法人日本ホモ協会田所理事長	"イキすぎコージー また君かぁ、壊れるなぁ…<br /><br /><br /><br /><br /><br />お前のことも<a href=""https://www.youtube.com/watch?v=_iyCAzClmT8&amp;t=1m05s"">1:05</a>"	"イキすぎコージー また君かぁ、壊れるなぁ…





お前のことも1:05"	0	2019-09-30T03:56:52.000Z	2019-09-30T03:56:52.000Z	0
UgzdyvYfi2401dv1WBV4AaABAg.9-UlTqWNngm9-Uo5rv9IGM	イキすぎコージー	"<a href=""https://www.youtube.com/watch?v=_iyCAzClmT8&amp;t=1m05s"">1:05</a> お前に対する俺の気持ち"	1:05 お前に対する俺の気持ち	1	2019-09-30T03:30:13.000Z	2019-09-30T03:30:13.000Z	0
UgwOcMWCFOdk-UQF0C14AaABAg	小坂菜緒さんの下僕	"<a href=""https://www.youtube.com/watch?v=_iyCAzClmT8&amp;t=0m49s"">0:49</a> 天使👼のお目覚めやあああああああ<br />小坂菜緒しゃああああんんんんんんん"	"0:49 天使👼のお目覚めやあああああああ
小坂菜緒しゃああああんんんんんんん"	32	2019-09-30T03:07:13.000Z	2019-09-30T03:07:13.000Z	0
Ugw4p0xFEKiBMUB1vD54AaABAg	かげこねるこ	目が覚めたら猫になってる…芽実泣	目が覚めたら猫になってる…芽実泣	4	2019-09-30T03:07:12.000Z	2019-09-30T03:07:12.000Z	0
Ugy18D8vBQ-GtY25n8F4AaABAg	ユウ ユウ	4thシングル 「猫になっていた」<br /><br />作詞作曲: わたなべみほ	"4thシングル 「猫になっていた」

作詞作曲: わたなべみほ"	263	2019-09-30T03:07:08.000Z	2019-09-30T03:07:08.000Z	4
Ugy18D8vBQ-GtY25n8F4AaABAg.9-UlSoFlRdV9-V9T2HFJUS	30159 kzi	原作:柿崎芽実	原作:柿崎芽実	15	2019-09-30T06:45:37.000Z	2019-09-30T06:45:37.000Z	0
Ugy18D8vBQ-GtY25n8F4AaABAg.9-UlSoFlRdV9-V0P_dlOHt	ぽんねる	出演:高瀬愛奈、本物の猫	出演:高瀬愛奈、本物の猫	11	2019-09-30T05:26:30.000Z	2019-09-30T05:26:30.000Z	0
Ugy18D8vBQ-GtY25n8F4AaABAg.9-UlSoFlRdV9-UyG3Za6a0	ぶんぶんぶん蜂が飛ぶ	最後に高瀬愛奈が気付くんですよね？<br />分かります。	"最後に高瀬愛奈が気付くんですよね？
分かります。"	14	2019-09-30T04:58:59.000Z	2019-09-30T04:58:59.000Z	0
Ugy18D8vBQ-GtY25n8F4AaABAg.9-UlSoFlRdV9-Um12BdJFJ	欅は書けるおひさま	カップリングに「水玉ピンク」と「グルグルピーマンくんだよ〜」が入ってるんですね。分かります。	カップリングに「水玉ピンク」と「グルグルピーマンくんだよ〜」が入ってるんですね。分かります。	37	2019-09-30T03:12:05.000Z	2019-09-30T03:12:05.000Z	0
UgxetrN-uaIeJUuorip4AaABAg	おはよウナギ	天王寺来てただと、、	天王寺来てただと、、	0	2019-09-30T03:07:03.000Z	2019-09-30T03:07:03.000Z	0
UgzAsrMAUyCk8HSfNJl4AaABAg	kaisiden	寝起きの菜緒ちゃんが、<br />むっちゃかわいい。	"寝起きの菜緒ちゃんが、
むっちゃかわいい。"	48	2019-09-30T03:06:33.000Z	2019-09-30T03:06:33.000Z	4
UgzAsrMAUyCk8HSfNJl4AaABAg.9-UlOTO954y9-V5HZV5ELG	さいたま	一時Seventeenのチャンネルでこさかながメイクする動画の1番初めにノーメイクあった気がする。多分これはメイクしてると思うけど大して変わらん。	一時Seventeenのチャンネルでこさかながメイクする動画の1番初めにノーメイクあった気がする。多分これはメイクしてると思うけど大して変わらん。	0	2019-09-30T06:09:06.000Z	2019-09-30T06:09:06.000Z	0
UgzAsrMAUyCk8HSfNJl4AaABAg.9-UlOTO954y9-Uy4kawqM9	松茸	kaisiden <br />前髪と服の問題じゃないですか？	"kaisiden 
前髪と服の問題じゃないですか？"	0	2019-09-30T04:57:27.000Z	2019-09-30T04:57:27.000Z	0
UgzAsrMAUyCk8HSfNJl4AaABAg.9-UlOTO954y9-UvauzEveM	ミット。	Riki Riki 10代ってあんなもんよ	Riki Riki 10代ってあんなもんよ	1	2019-09-30T04:35:45.000Z	2019-09-30T04:35:45.000Z	0
UgzAsrMAUyCk8HSfNJl4AaABAg.9-UlOTO954y9-Utht_EdrP	Riki Riki	kaisiden 最初のシーンすっぴんなんでしょうか？あれがすっぴんていくらなんでもさすがに……	kaisiden 最初のシーンすっぴんなんでしょうか？あれがすっぴんていくらなんでもさすがに……	1	2019-09-30T04:19:14.000Z	2019-09-30T04:19:14.000Z	0
Ugzb02KjSCGCgRSLZa14AaABAg	神である橋本奈々未はマジで	金ないから買う気なかったんだけどなぁ<br />買うしかないなw	"金ないから買う気なかったんだけどなぁ
買うしかないなw"	4	2019-09-30T03:06:28.000Z	2019-09-30T03:06:28.000Z	0
UgxczybfLWSJakLkl3Z4AaABAg	欅は書けるおひさま	皆は誰のフルがアップされると思う？	皆は誰のフルがアップされると思う？	0	2019-09-30T03:06:04.000Z	2019-09-30T03:06:04.000Z	0
Ugx2RijPbsK-i4qCdeZ4AaABAg	Ko Ino	さすがはパリピちゃん	さすがはパリピちゃん	0	2019-09-30T03:06:03.000Z	2019-09-30T03:06:03.000Z	0
Ugwd135680sl3o2-bVV4AaABAg	南紗理菜	いろいろツッコミどころ満載ww<br />これも欲しい	"いろいろツッコミどころ満載ww
これも欲しい"	70	2019-09-30T03:06:02.000Z	2019-09-30T03:06:02.000Z	0
UgwBJyxohHMzM5v2pI14AaABAg	はるっち	ニナちゃんきたー！	ニナちゃんきたー！	0	2019-09-30T03:06:01.000Z	2019-09-30T03:06:01.000Z	0
Ugym3nP9CtTibX5D67J4AaABAg	きゃたくそん	富田のアラーム一緒だ推せる	富田のアラーム一緒だ推せる	7	2019-09-30T03:05:59.000Z	2019-09-30T03:05:59.000Z	0
Ugw4FaHpM6QrSkjwl9R4AaABAg	しもんおかだ	渡邉美穂いいですねwww	渡邉美穂いいですねwww	6	2019-09-30T03:05:37.000Z	2019-09-30T03:05:37.000Z	0
UgxryF98d4tM4Xd7a5h4AaABAg	ざんがい	べみほの葱の入れ方まさか？w	べみほの葱の入れ方まさか？w	7	2019-09-30T03:05:31.000Z	2019-09-30T03:05:31.000Z	0
UgzFhRl_fberIcAN8X14AaABAg	林さん	みなさんは誰がフルで動画があがると思いますか？	みなさんは誰がフルで動画があがると思いますか？	0	2019-09-30T03:05:27.000Z	2019-09-30T03:05:27.000Z	1
UgzFhRl_fberIcAN8X14AaABAg.9-UlGUriJbv9-Ulhv67U7k	Y・ l	ひなのなの	ひなのなの	0	2019-09-30T03:09:20.000Z	2019-09-30T03:09:20.000Z	0
UgzyqKg5L6AbFDJC8gh4AaABAg	うふゆうと	菜緒ちゃんたまんねーわこれ	菜緒ちゃんたまんねーわこれ	1	2019-09-30T03:05:26.000Z	2019-09-30T03:05:26.000Z	0
Ugw8X7kz2MD2e2AQuZd4AaABAg	PM AM	まなふぃすっぴんの方が強い！！！！！！	まなふぃすっぴんの方が強い！！！！！！	36	2019-09-30T03:05:24.000Z	2019-09-30T03:05:24.000Z	0
UgxbBp2wDrIuGROhdDF4AaABAg	ぶんぶんぶん蜂が飛ぶ	"<a href=""https://www.youtube.com/watch?v=_iyCAzClmT8&amp;t=1m54s"">1:54</a><br />光合成してるね植物たちも<br /><br /><br /><br />、、、も？"	"1:54
光合成してるね植物たちも



、、、も？"	309	2019-09-30T03:05:20.000Z	2019-09-30T03:05:20.000Z	9
UgxbBp2wDrIuGROhdDF4AaABAg.9-UlFYBEx5-9-VSFSm9MjO	よだれ	@にしのかずや つまりどうゆうこと？ｗ	@にしのかずや つまりどうゆうこと？ｗ	1	2019-09-30T09:29:47.000Z	2019-09-30T09:29:47.000Z	0
UgxbBp2wDrIuGROhdDF4AaABAg.9-UlFYBEx5-9-VOrC8CorZ	にしのかずや	@よだれ そゆことか	@よだれ そゆことか	1	2019-09-30T09:00:08.000Z	2019-09-30T09:00:08.000Z	0
UgxbBp2wDrIuGROhdDF4AaABAg.9-UlFYBEx5-9-VHRhLJifc	乃木坂あしゅみなミリオンラブ	光合成希望	光合成希望	0	2019-09-30T07:55:20.000Z	2019-09-30T07:55:20.000Z	0
UgxbBp2wDrIuGROhdDF4AaABAg.9-UlFYBEx5-9-VCrmLSQ2U	よだれ	＿人人人人人人人人人人＿<br />＞　日向坂だからね⁉︎　＜<br />￣Y^Y^Y^Y^Y^Y^Y^Y^Y^Y￣	"＿人人人人人人人人人人＿
＞　日向坂だからね⁉︎　＜
￣Y^Y^Y^Y^Y^Y^Y^Y^Y^Y￣"	5	2019-09-30T07:15:21.000Z	2019-09-30T07:15:21.000Z	0
UgxbBp2wDrIuGROhdDF4AaABAg.9-UlFYBEx5-9-VBd5PjawC	太宰治	Ushio Mochinaga 好き	Ushio Mochinaga 好き	0	2019-09-30T07:04:36.000Z	2019-09-30T07:04:36.000Z	0
UgzdzIUUumG9iImsc5h4AaABAg	2ndマッキー	こしゃの可愛さどうなってるんですかね･･･	こしゃの可愛さどうなってるんですかね･･･	39	2019-09-30T03:05:15.000Z	2019-09-30T03:05:15.000Z	0
UgyLU-eydcv8t8AixrR4AaABAg	公益財団法人日本ホモ協会田所理事長	あぁ^〜いいっすねぇ^〜<br />田所の休日見たい人👍	"あぁ^〜いいっすねぇ^〜
田所の休日見たい人👍"	7	2019-09-30T03:05:12.000Z	2019-09-30T03:05:12.000Z	1
UgyLU-eydcv8t8AixrR4AaABAg.9-UlEflQJt19-UmMUbH38j	ピ	公益財団法人日本ホモ協会田所理事長 <br />日向のコメ欄を汚すな	"公益財団法人日本ホモ協会田所理事長 
日向のコメ欄を汚すな"	3	2019-09-30T03:15:01.000Z	2019-09-30T03:15:01.000Z	0
Ugx1X7-vsRDyq2MjHV94AaABAg	ドラミコフ	"<a href=""https://www.youtube.com/watch?v=_iyCAzClmT8&amp;t=0m16s"">0:16</a>ニナちゃんの顔が笑"	0:16ニナちゃんの顔が笑	42	2019-09-30T03:05:11.000Z	2019-09-30T03:05:11.000Z	2
Ugx1X7-vsRDyq2MjHV94AaABAg.9-UlETL0d0K9-V5tvBirSy	さいたま	俺の犬なんか名前呼んでもPCいじってるし飯と散歩以外部屋にこもりっぱなしだわ	俺の犬なんか名前呼んでもPCいじってるし飯と散歩以外部屋にこもりっぱなしだわ	0	2019-09-30T06:14:28.000Z	2019-09-30T06:14:28.000Z	0
Ugx1X7-vsRDyq2MjHV94AaABAg.9-UlETL0d0K9-UnlFLQtn9	アイアイ	こんな可愛い飼い主ならこうなるわ<br />俺の犬は常に真顔だわ	"こんな可愛い飼い主ならこうなるわ
俺の犬は常に真顔だわ"	0	2019-09-30T03:27:16.000Z	2019-09-30T03:27:16.000Z	0
UgxW_F4_R479AuSYiFt4AaABAg	ひがしむらっぷ	こしゃぁぁぁあああ	こしゃぁぁぁあああ	3	2019-09-30T03:04:58.000Z	2019-09-30T03:04:58.000Z	0
UgzoodICwAYWnlGkq094AaABAg	かんいずみ	"<a href=""https://www.youtube.com/watch?v=_iyCAzClmT8&amp;t=1m54s"">1:54</a><br />ひなのぉ？！光合成してるねって言うだけでそんな可愛いのあなただけよ🥺"	"1:54
ひなのぉ？！光合成してるねって言うだけでそんな可愛いのあなただけよ🥺"	26	2019-09-30T03:04:51.000Z	2019-09-30T03:04:51.000Z	0
UgyHd03I1mIRtW6059N4AaABAg	ななせまる	"自分用 <a href=""https://www.youtube.com/watch?v=_iyCAzClmT8&amp;t=0m49s"">0:49</a>"	自分用 0:49	1	2019-09-30T03:04:37.000Z	2019-09-30T03:04:37.000Z	0
UgzwXOQZ7poAEV3WcPF4AaABAg	上村莉菜	こんなん全タイプ買うしかねぇので	こんなん全タイプ買うしかねぇので	0	2019-09-30T03:04:29.000Z	2019-09-30T03:04:29.000Z	0
UgwYgdZeMjF45Vx2cGt4AaABAg	おみ	"<a href=""https://www.youtube.com/watch?v=_iyCAzClmT8&amp;t=1m25s"">1:25</a> タップすると幸せになれます"	1:25 タップすると幸せになれます	33	2019-09-30T03:04:23.000Z	2019-09-30T03:04:23.000Z	0
UgyM00bwhNuFu34HmV94AaABAg	ひよめいぱん	ひなの早く見たすぎる笑笑	ひなの早く見たすぎる笑笑	14	2019-09-30T03:04:23.000Z	2019-09-30T03:04:30.000Z	0
UgwbeMVG96WwyRs8AXp4AaABAg	ichi kita	こしゃのアップ、強力過ぎ❣　只々愛でていたい❣	こしゃのアップ、強力過ぎ❣　只々愛でていたい❣	21	2019-09-30T03:04:15.000Z	2019-09-30T03:04:15.000Z	0
Ugyv_AfyHxGEnCCT4HB4AaABAg	タピオカ太朗	天才の集まり	天才の集まり	1	2019-09-30T03:04:15.000Z	2019-09-30T03:04:15.000Z	0
UgxDXZqKdCkzN5_gsWh4AaABAg	ペプシマン	変化球ちゃん起き方イイネ	変化球ちゃん起き方イイネ	0	2019-09-30T03:04:12.000Z	2019-09-30T03:04:12.000Z	0
UgyHuG613tByEp1B43l4AaABAg	鈴林亮平	"<a href=""https://www.youtube.com/watch?v=_iyCAzClmT8&amp;t=1m43s"">1:43</a>"	1:43	1	2019-09-30T03:03:56.000Z	2019-09-30T03:03:56.000Z	0
Ugxcu4PK8FNGI-1AQuZ4AaABAg	口木通	富田の朝はキュンから始まると📝	富田の朝はキュンから始まると📝	111	2019-09-30T03:03:55.000Z	2019-09-30T03:03:55.000Z	0
UgwLZM_oxXMaM4-aclF4AaABAg	にぶ太のび	いや小坂さんよ…尊いが過ぎるわ(;つД｀)	いや小坂さんよ…尊いが過ぎるわ(;つД｀)	46	2019-09-30T03:03:54.000Z	2019-09-30T03:03:54.000Z	0
UgzT8FfibqLw1DTAnNp4AaABAg	大好きIKKOさん	光合成しているねwww	光合成しているねwww	1	2019-09-30T03:03:51.000Z	2019-09-30T03:03:51.000Z	0
UgzQv4mlXgp6jUKpuVV4AaABAg	村人Aかげちゃん推しの	明日届くー！！	明日届くー！！	2	2019-09-30T03:03:42.000Z	2019-09-30T03:03:42.000Z	0
UgyIAsKx5S0SQd8pbj14AaABAg	あーさー	ひかげっ！	ひかげっ！	1	2019-09-30T03:03:36.000Z	2019-09-30T03:03:36.000Z	0
UgwTDxXERYbFdD8qj8Z4AaABAg	虹6	こさかなあ	こさかなあ	1	2019-09-30T03:03:32.000Z	2019-09-30T03:03:32.000Z	0
UgxV2qK87ZLLeoLcwql4AaABAg	スーパー高校生	ひかげ！	ひかげ！	0	2019-09-30T03:03:26.000Z	2019-09-30T03:03:26.000Z	0
UgxHcTtFiYolt1AKFid4AaABAg	こんぬ	ひなのテンション高いやん笑	ひなのテンション高いやん笑	8	2019-09-30T03:03:25.000Z	2019-09-30T03:03:25.000Z	0
UgzGH-C_2GANfttSIbZ4AaABAg	akari. w	"<a href=""http://www.youtube.com/results?search_query=%23%E3%81%93%E3%81%95%E3%81%8B%E3%81%AA%E3%81%8C%E5%8F%AF%E6%84%9B%E3%81%99%E3%81%8E%E3%81%A6%E8%BE%9B%E3%81%84"">#こさかなが可愛すぎて辛い</a>"	#こさかなが可愛すぎて辛い	11	2019-09-30T03:03:24.000Z	2019-09-30T03:03:24.000Z	0
UgxFT52la_MJNdsWKg14AaABAg	Muhammad Amar	Kosaka nao kawaii 😍😍😍	Kosaka nao kawaii 😍😍😍	3	2019-09-30T03:03:20.000Z	2019-09-30T03:03:20.000Z	0
UgytN2jplsgPr_9nTfV4AaABAg	徒然	"<a href=""https://www.youtube.com/watch?v=_iyCAzClmT8&amp;t=1m43s"">1:43</a>いやアラームの止め方www"	1:43いやアラームの止め方www	178	2019-09-30T03:03:13.000Z	2019-09-30T03:03:29.000Z	1
UgytN2jplsgPr_9nTfV4AaABAg.9-Ul08pZS5C9-UmUuf4CvY	ぴかた。	このコメント見てからどんな止め方だよ…って思ったのですがさすがに吹き出してしまいました笑	このコメント見てからどんな止め方だよ…って思ったのですがさすがに吹き出してしまいました笑	4	2019-09-30T03:16:09.000Z	2019-09-30T03:16:09.000Z	0
UgxhG0i0JpukY6abget4AaABAg	Kaz	小坂えぐすぎるな	小坂えぐすぎるな	0	2019-09-30T03:03:13.000Z	2019-09-30T03:03:13.000Z	0
Ugzhp2KLLF9T_wMaR5Z4AaABAg	shuri tiara	じゃがりこ主食にすなwww	じゃがりこ主食にすなwww	172	2019-09-30T03:03:13.000Z	2019-09-30T03:03:13.000Z	2
Ugzhp2KLLF9T_wMaR5Z4AaABAg.9-Ul07JMQdM9-UypQidkdE	shuri tiara	rade June <br />恐らくドリンクにしているのでしょう	"rade June 
恐らくドリンクにしているのでしょう"	0	2019-09-30T05:03:57.000Z	2019-09-30T05:03:57.000Z	0
Ugzhp2KLLF9T_wMaR5Z4AaABAg.9-Ul07JMQdM9-UweB548Ih	rade June	じゃがりこが主食とデザートなら、そして隣にあるいかにもデザートっぽいフローズンパーティはなんなんだろうか	じゃがりこが主食とデザートなら、そして隣にあるいかにもデザートっぽいフローズンパーティはなんなんだろうか	0	2019-09-30T04:44:56.000Z	2019-09-30T04:44:56.000Z	0
Ugwmo1Zccr5HyahuJWF4AaABAg	タピオカ	こさかな行ってるのニフレルかな🐟	こさかな行ってるのニフレルかな🐟	12	2019-09-30T03:03:13.000Z	2019-09-30T03:03:13.000Z	0
UgybO-322p4Ywih-f2t4AaABAg	坂本さんSKY bonds[スカイボンズ]	買わない理由がない。	買わない理由がない。	0	2019-09-30T03:02:54.000Z	2019-09-30T03:02:54.000Z	0
Ugww2nEgNgv18SpP4Fx4AaABAg	ReoKq	ひかげ	ひかげ	0	2019-09-30T03:02:46.000Z	2019-09-30T03:02:46.000Z	0
UgyNbDzAW3rRNVmOB8R4AaABAg	Clozer Chung	"<a href=""https://www.youtube.com/watch?v=_iyCAzClmT8&amp;t=1m24s"">1:24</a> 可愛い～　べみほ😍😍😍😘😘😘❤️❤️❤️"	1:24 可愛い～　べみほ😍😍😍😘😘😘❤️❤️❤️	0	2019-09-30T03:02:38.000Z	2019-09-30T06:16:13.000Z	0
Ugwfmi13qoB3HxHEfLh4AaABAg	きゅうちゃん	富田可愛い	富田可愛い	3	2019-09-30T03:02:32.000Z	2019-09-30T03:02:32.000Z	0
UgycxitUBZr72OIIosJ4AaABAg	K K	目覚まし「キュン」とか富田 意識高い笑<br /><br /><br /><br /><br />流石、真面目なパリピ	"目覚まし「キュン」とか富田 意識高い笑




流石、真面目なパリピ"	77	2019-09-30T03:02:24.000Z	2019-09-30T03:02:24.000Z	0
Ugyqj4Id-nUkQsGdjtF4AaABAg	黒川明人 クロちゃん	"<a href=""https://www.youtube.com/watch?v=_iyCAzClmT8&amp;t=1m25s"">1:25</a><br />好きなシーン"	"1:25
好きなシーン"	55	2019-09-30T03:02:10.000Z	2019-09-30T03:02:10.000Z	2
Ugyqj4Id-nUkQsGdjtF4AaABAg.9-UktS6Au0C9-UwNpouGFt	rade June	そのあとの納豆とかも、かとし好きすぎのシンクロニシティ	そのあとの納豆とかも、かとし好きすぎのシンクロニシティ	0	2019-09-30T04:42:34.000Z	2019-09-30T04:42:34.000Z	0
Ugyqj4Id-nUkQsGdjtF4AaABAg.9-UktS6Au0C9-UlYC8fI9q	だば・ななたおるに	???「コロコロコロコロ<br />顔取れちゃうんじゃないかな」	"???「コロコロコロコロ
顔取れちゃうんじゃないかな」"	12	2019-09-30T03:07:52.000Z	2019-09-30T03:07:52.000Z	0
Ugx_uwd6WnVONcHiNW94AaABAg	この花火どこの花火大会かわかる?	どぴゅっ	どぴゅっ	0	2019-09-30T03:02:07.000Z	2019-09-30T03:02:07.000Z	0
UgxE7_wMeYwqjIKszlJ4AaABAg	みみ	とみたさぁぁぁぁぁぁぁあんん	とみたさぁぁぁぁぁぁぁあんん	0	2019-09-30T03:01:57.000Z	2019-09-30T03:01:57.000Z	0
UgxOKWFd3QgVhTOvmAh4AaABAg	ふふ	ちょうどええ	ちょうどええ	0	2019-09-30T03:01:16.000Z	2019-09-30T03:01:16.000Z	0
Ugy1otQJUUJ99n1wuBt4AaABAg	欅は書けるおひさま	はやコメー！待ってましたァ	はやコメー！待ってましたァ	5	2019-09-30T03:01:10.000Z	2019-09-30T03:01:10.000Z	0
UgzbrT3XSs7oEAVg6tR4AaABAg	西野七瀬推しはるくん.	小坂菜緒可愛い❤️	小坂菜緒可愛い❤️	24	2019-09-30T03:00:55.000Z	2019-09-30T03:00:55.000Z	0
UgztadvC6fmSEBXD3cJ4AaABAg	mashumro	全タイプ買う人👍🏼	全タイプ買う人👍🏼	21	2019-09-30T03:00:53.000Z	2019-09-30T03:00:53.000Z	0
UgzGA7KtOJWirrRB_VJ4AaABAg	たぶ!	またはやくみれたあ	またはやくみれたあ	0	2019-09-30T03:00:49.000Z	2019-09-30T03:00:49.000Z	0
Ugx46IZC5GtWOvEzL594AaABAg	ぽん観察	みーぱんのご飯w	みーぱんのご飯w	83	2019-09-30T03:00:47.000Z	2019-09-30T03:05:18.000Z	1
Ugx46IZC5GtWOvEzL594AaABAg.9-UkjHeegYz9-Uno_safGb	カーキー	ぽん観察 じゃがりこを朝食にする気持ちはわかる	ぽん観察 じゃがりこを朝食にする気持ちはわかる	0	2019-09-30T03:27:43.000Z	2019-09-30T03:27:43.000Z	0
Ugx9ZcMCZZiWghSDXSh4AaABAg	king& prince	はやコメ	はやコメ	0	2019-09-30T03:00:44.000Z	2019-09-30T03:00:44.000Z	0
UgzSZxHFEvg__0Yk7dh4AaABAg	大好きIKKOさん	きたー	きたー	0	2019-09-30T03:00:44.000Z	2019-09-30T03:00:44.000Z	0
UgxxVXEZ_SdEGpbuQDF4AaABAg	abc def	ひなのさん頑張っていて嬉しいな〜(泣)<br />ゴメンね〜子供がいるからさ〜	"ひなのさん頑張っていて嬉しいな〜(泣)
ゴメンね〜子供がいるからさ〜"	61	2019-09-30T03:00:28.000Z	2019-09-30T03:00:28.000Z	1
UgxxVXEZ_SdEGpbuQDF4AaABAg.9-Ukgyos8Ld9-VBLsnqcst	もーくん	abc def 関係ねーだろーがよ！（春日よりw）	abc def 関係ねーだろーがよ！（春日よりw）	2	2019-09-30T07:02:07.000Z	2019-09-30T07:02:07.000Z	0
